window_index,symbol,environment,scene_root_id,anchor_ob_id,partner_ob_id,pair_type,partner_timing,pair_known_at,departure_at,zone_low,zone_high,planned_entry,target_id,target_price,formation_stop,protected_stop,side
0,ETHUSDT,eth_transition,ETHUSDT:v06-owned-m15:long:2025-01-01T00:00:00+00:00,ETHUSDT:15m:ob:simple_2c:long:2024-12-31T23:45:00+00:00:2025-01-01T00:00:00+00:00,ETHUSDT:5m:ob:simple_2c:long:2024-12-31T23:35:00+00:00:2024-12-31T23:40:00+00:00,m15_m5,at_anchor_close,2025-01-01T00:15:00+00:00,2025-01-01T00:15:00+00:00,3335.61,3336.12,3336.12,ETHUSDT:15m:ob:simple_2c:short:2024-12-31T20:15:00+00:00:2024-12-31T20:30:00+00:00|ETHUSDT:15m:ob:simple_2c:short:2024-12-31T21:45:00+00:00:2024-12-31T22:00:00+00:00|ETHUSDT:15m:pivot:high:2024-12-31T21:45:00+00:00:3353.28|ETHUSDT:1h:ob:simple_2c:short:2024-12-31T21:00:00+00:00:2024-12-31T22:00:00+00:00,3344.88,3333.92,3326.16,long
0,ETHUSDT,eth_transition,ETHUSDT:v06-owned-m15:long:2025-01-03T00:15:00+00:00,ETHUSDT:15m:ob:double_3c:long:2025-01-02T23:45:00+00:00:2025-01-03T00:00:00+00:00:2025-01-03T00:15:00+00:00,ETHUSDT:1h:ob:double_3c:long:2025-01-02T21:00:00+00:00:2025-01-02T22:00:00+00:00:2025-01-02T23:00:00+00:00,h1_m15,at_anchor_close,2025-01-03T00:30:00+00:00,2025-01-03T00:30:00+00:00,3449.52,3453.45,3453.45,ETHUSDT:1h:fvg:short:2025-01-02T19:00:00+00:00:2025-01-02T20:00:00+00:00:2025-01-02T21:00:00+00:00,3455.21,3444.7,3419.64,long
0,ETHUSDT,eth_transition,ETHUSDT:v06-owned-m15:long:2025-01-06T05:15:00+00:00,ETHUSDT:15m:ob:simple_2c:long:2025-01-06T05:00:00+00:00:2025-01-06T05:15:00+00:00,ETHUSDT:5m:ob:simple_2c:long:2025-01-06T05:00:00+00:00:2025-01-06T05:05:00+00:00,m15_m5,at_anchor_close,2025-01-06T05:30:00+00:00,2025-01-06T05:30:00+00:00,3669.3,3671.21,3671.21,ETHUSDT:1h:pivot:high:2025-01-06T02:00:00+00:00:3685,3685.0,3665.82,3659.17,long
0,ETHUSDT,eth_transition,ETHUSDT:v06-owned-m15:long:2025-01-11T20:15:00+00:00,ETHUSDT:15m:ob:simple_2c:long:2025-01-11T20:00:00+00:00:2025-01-11T20:15:00+00:00,ETHUSDT:5m:ob:double_3c:long:2025-01-11T20:05:00+00:00:2025-01-11T20:10:00+00:00:2025-01-11T20:15:00+00:00,m15_m5,at_anchor_close,2025-01-11T20:30:00+00:00,2025-01-11T20:30:00+00:00,3276.21,3277.4,3277.4,ETHUSDT:15m:ob:double_3c:short:2025-01-10T19:30:00+00:00:2025-01-10T19:45:00+00:00:2025-01-10T20:00:00+00:00|ETHUSDT:15m:ob:simple_2c:short:2025-01-10T19:45:00+00:00:2025-01-10T20:00:00+00:00|ETHUSDT:1h:ob:simple_2c:short:2025-01-10T19:00:00+00:00:2025-01-10T20:00:00+00:00,3285.01,3273.69,3267.26,long
0,ETHUSDT,eth_transition,ETHUSDT:v06-owned-m15:long:2025-01-12T13:45:00+00:00,ETHUSDT:15m:ob:simple_2c:long:2025-01-12T13:30:00+00:00:2025-01-12T13:45:00+00:00,ETHUSDT:5m:ob:simple_2c:long:2025-01-12T13:40:00+00:00:2025-01-12T13:45:00+00:00,m15_m5,at_anchor_close,2025-01-12T14:00:00+00:00,2025-01-12T14:00:00+00:00,3258.54,3259.05,3259.05,ETHUSDT:15m:ob:simple_2c:short:2025-01-12T08:00:00+00:00:2025-01-12T08:15:00+00:00,3265.26,3254.99,3246.67,long
0,ETHUSDT,eth_transition,ETHUSDT:v06-owned-m15:short:2025-01-12T21:00:00+00:00,ETHUSDT:15m:ob:simple_2c:short:2025-01-12T20:45:00+00:00:2025-01-12T21:00:00+00:00,ETHUSDT:5m:ob:simple_2c:short:2025-01-12T20:55:00+00:00:2025-01-12T21:00:00+00:00,m15_m5,at_anchor_close,2025-01-12T21:15:00+00:00,2025-01-12T21:15:00+00:00,3278.67,3280.14,3278.67,ETHUSDT:15m:fvg:long:2025-01-12T15:00:00+00:00:2025-01-12T15:15:00+00:00:2025-01-12T15:30:00+00:00,3275.93,3281.4700000000003,3288.6400000000003,short
1,ETHUSDT,eth_up,ETHUSDT:v06-owned-m15:short:2025-07-08T14:45:00+00:00,ETHUSDT:15m:ob:double_3c:short:2025-07-08T14:15:00+00:00:2025-07-08T14:30:00+00:00:2025-07-08T14:45:00+00:00,ETHUSDT:5m:ob:simple_2c:short:2025-07-08T14:40:00+00:00:2025-07-08T14:45:00+00:00,m15_m5,at_anchor_close,2025-07-08T15:00:00+00:00,2025-07-08T15:00:00+00:00,2576.41,2577.99,2576.41,ETHUSDT:15m:fvg:long:2025-07-08T09:45:00+00:00:2025-07-08T10:00:00+00:00:2025-07-08T10:15:00+00:00|ETHUSDT:15m:fvg:long:2025-07-08T10:00:00+00:00:2025-07-08T10:15:00+00:00:2025-07-08T10:30:00+00:00|ETHUSDT:15m:fvg:long:2025-07-08T10:15:00+00:00:2025-07-08T10:30:00+00:00:2025-07-08T10:45:00+00:00|ETHUSDT:1h:fvg:long:2025-07-08T09:00:00+00:00:2025-07-08T10:00:00+00:00:2025-07-08T11:00:00+00:00,2561.85,2579.21,2600.49,short
1,ETHUSDT,eth_up,ETHUSDT:v06-owned-m15:long:2025-07-08T23:30:00+00:00,ETHUSDT:15m:ob:double_3c:long:2025-07-08T23:00:00+00:00:2025-07-08T23:15:00+00:00:2025-07-08T23:30:00+00:00,ETHUSDT:5m:ob:simple_2c:long:2025-07-08T23:00:00+00:00:2025-07-08T23:05:00+00:00,m15_m5,at_anchor_close,2025-07-08T23:45:00+00:00,2025-07-08T23:45:00+00:00,2609.26,2609.71,2609.71,ETHUSDT:15m:ob:simple_2c:short:2025-07-08T18:45:00+00:00:2025-07-08T19:00:00+00:00|ETHUSDT:1h:ob:simple_2c:short:2025-07-08T18:00:00+00:00:2025-07-08T19:00:00+00:00,2615.97,2606.0,2601.19,long
1,ETHUSDT,eth_up,ETHUSDT:v06-owned-m15:long:2025-07-09T05:30:00+00:00,ETHUSDT:15m:ob:simple_2c:long:2025-07-09T05:15:00+00:00:2025-07-09T05:30:00+00:00,ETHUSDT:5m:ob:simple_2c:long:2025-07-09T05:25:00+00:00:2025-07-09T05:30:00+00:00,m15_m5,at_anchor_close,2025-07-09T05:45:00+00:00,2025-07-09T05:45:00+00:00,2604.9,2606.96,2606.96,ETHUSDT:4h:ob:simple_2c:short:2025-07-08T20:00:00+00:00:2025-07-09T00:00:00+00:00,2609.67,2603.99,2588.65,long
1,ETHUSDT,eth_up,ETHUSDT:v06-owned-m15:short:2025-07-10T12:00:00+00:00,ETHUSDT:15m:ob:simple_2c:short:2025-07-10T11:45:00+00:00:2025-07-10T12:00:00+00:00,ETHUSDT:5m:ob:double_3c:short:2025-07-10T11:50:00+00:00:2025-07-10T11:55:00+00:00:2025-07-10T12:00:00+00:00,m15_m5,at_anchor_close,2025-07-10T12:15:00+00:00,2025-07-10T12:15:00+00:00,2775.47,2777.73,2775.47,ETHUSDT:1h:fvg:long:2025-07-10T00:00:00+00:00:2025-07-10T01:00:00+00:00:2025-07-10T02:00:00+00:00,2773.0,2778.53,2786.1600000000003,short
1,ETHUSDT,eth_up,ETHUSDT:v06-owned-m15:short:2025-07-11T07:45:00+00:00,ETHUSDT:15m:ob:simple_2c:short:2025-07-11T07:30:00+00:00:2025-07-11T07:45:00+00:00,ETHUSDT:5m:ob:simple_2c:short:2025-07-11T07:40:00+00:00:2025-07-11T07:45:00+00:00,m15_m5,at_anchor_close,2025-07-11T08:00:00+00:00,2025-07-11T08:00:00+00:00,2998.16,2999.55,2998.16,ETHUSDT:15m:fvg:long:2025-07-11T04:30:00+00:00:2025-07-11T04:45:00+00:00:2025-07-11T05:00:00+00:00,2966.54,3002.4300000000003,3029.1400000000003,short
1,ETHUSDT,eth_up,ETHUSDT:v06-owned-m15:long:2025-07-11T13:45:00+00:00,ETHUSDT:15m:ob:double_3c:long:2025-07-11T13:15:00+00:00:2025-07-11T13:30:00+00:00:2025-07-11T13:45:00+00:00,ETHUSDT:5m:ob:simple_2c:long:2025-07-11T13:50:00+00:00:2025-07-11T13:55:00+00:00,m15_m5,at_anchor_close,2025-07-11T14:00:00+00:00,2025-07-11T14:00:00+00:00,2990.36,2994.96,2994.96,ETHUSDT:15m:ob:simple_2c:short:2025-07-11T09:30:00+00:00:2025-07-11T09:45:00+00:00,3015.01,2975.05,2969.51,long
1,ETHUSDT,eth_up,ETHUSDT:v06-owned-m15:short:2025-07-11T21:30:00+00:00,ETHUSDT:15m:ob:simple_2c:short:2025-07-11T21:15:00+00:00:2025-07-11T21:30:00+00:00,ETHUSDT:5m:ob:simple_2c:short:2025-07-11T21:25:00+00:00:2025-07-11T21:30:00+00:00,m15_m5,at_anchor_close,2025-07-11T21:45:00+00:00,2025-07-11T21:45:00+00:00,2993.06,2995.75,2993.06,ETHUSDT:15m:fvg:long:2025-07-10T21:00:00+00:00:2025-07-10T21:15:00+00:00:2025-07-10T21:30:00+00:00|ETHUSDT:15m:fvg:long:2025-07-11T01:00:00+00:00:2025-07-11T01:15:00+00:00:2025-07-11T01:30:00+00:00|ETHUSDT:15m:ob:simple_2c:long:2025-07-11T01:30:00+00:00:2025-07-11T01:45:00+00:00|ETHUSDT:15m:pivot:low:2025-07-11T00:15:00+00:00:2913.33|ETHUSDT:15m:pivot:low:2025-07-11T16:00:00+00:00:2936.04|ETHUSDT:1h:fvg:long:2025-07-10T20:00:00+00:00:2025-07-10T21:00:00+00:00:2025-07-10T22:00:00+00:00|ETHUSDT:1h:fvg:long:2025-07-11T16:00:00+00:00:2025-07-11T17:00:00+00:00:2025-07-11T18:00:00+00:00|ETHUSDT:1h:ob:simple_2c:long:2025-07-11T00:00:00+00:00:2025-07-11T01:00:00+00:00|ETHUSDT:1h:pivot:low:2025-07-11T00:00:00+00:00:2913.33|ETHUSDT:1h:pivot:low:2025-07-11T16:00:00+00:00:2936.04|ETHUSDT:4h:fvg:long:2025-07-10T16:00:00+00:00:2025-07-10T20:00:00+00:00:2025-07-11T00:00:00+00:00|ETHUSDT:4h:ob:double_3c:long:2025-07-11T08:00:00+00:00:2025-07-11T12:00:00+00:00:2025-07-11T16:00:00+00:00|ETHUSDT:4h:ob:simple_2c:long:2025-07-11T12:00:00+00:00:2025-07-11T16:00:00+00:00,2983.79,2996.73,3009.76,short
1,ETHUSDT,eth_up,ETHUSDT:v06-owned-m15:long:2025-07-12T23:45:00+00:00,ETHUSDT:15m:ob:simple_2c:long:2025-07-12T23:30:00+00:00:2025-07-12T23:45:00+00:00,ETHUSDT:5m:ob:simple_2c:long:2025-07-12T23:40:00+00:00:2025-07-12T23:45:00+00:00,m15_m5,at_anchor_close,2025-07-13T00:00:00+00:00,2025-07-13T00:00:00+00:00,2933.48,2934.61,2934.61,ETHUSDT:15m:fvg:short:2025-07-12T11:45:00+00:00:2025-07-12T12:00:00+00:00:2025-07-12T12:15:00+00:00|ETHUSDT:15m:fvg:short:2025-07-12T12:00:00+00:00:2025-07-12T12:15:00+00:00:2025-07-12T12:30:00+00:00|ETHUSDT:15m:fvg:short:2025-07-12T12:15:00+00:00:2025-07-12T12:30:00+00:00:2025-07-12T12:45:00+00:00|ETHUSDT:15m:ob:simple_2c:short:2025-07-12T14:15:00+00:00:2025-07-12T14:30:00+00:00|ETHUSDT:15m:ob:simple_2c:short:2025-07-12T19:00:00+00:00:2025-07-12T19:15:00+00:00|ETHUSDT:15m:pivot:high:2025-07-12T14:00:00+00:00:2948.96|ETHUSDT:1h:fvg:short:2025-07-12T11:00:00+00:00:2025-07-12T12:00:00+00:00:2025-07-12T13:00:00+00:00|ETHUSDT:4h:fvg:short:2025-07-12T08:00:00+00:00:2025-07-12T12:00:00+00:00:2025-07-12T16:00:00+00:00,2941.32,2932.69,2929.29,long
1,ETHUSDT,eth_up,ETHUSDT:v06-owned-m15:long:2025-07-14T09:30:00+00:00,ETHUSDT:15m:ob:simple_2c:long:2025-07-14T09:15:00+00:00:2025-07-14T09:30:00+00:00,ETHUSDT:5m:ob:simple_2c:long:2025-07-14T09:25:00+00:00:2025-07-14T09:30:00+00:00,m15_m5,at_anchor_close,2025-07-14T09:45:00+00:00,2025-07-14T09:45:00+00:00,3041.45,3043.82,3043.82,ETHUSDT:1h:pivot:high:2025-07-14T05:00:00+00:00:3066.21,3066.21,3034.24,3022.11,long
1,ETHUSDT,eth_up,ETHUSDT:v06-owned-m15:long:2025-07-16T06:15:00+00:00,ETHUSDT:15m:ob:simple_2c:long:2025-07-16T06:00:00+00:00:2025-07-16T06:15:00+00:00,ETHUSDT:5m:ob:simple_2c:long:2025-07-16T06:10:00+00:00:2025-07-16T06:15:00+00:00,m15_m5,at_anchor_close,2025-07-16T06:30:00+00:00,2025-07-16T06:30:00+00:00,3133.47,3139.81,3139.81,ETHUSDT:1h:pivot:high:2025-07-16T00:00:00+00:00:3155.44,3155.44,3132.26,3100.99,long
1,ETHUSDT,eth_up,ETHUSDT:v06-owned-m15:short:2025-07-18T08:30:00+00:00,ETHUSDT:15m:ob:simple_2c:short:2025-07-18T08:15:00+00:00:2025-07-18T08:30:00+00:00,ETHUSDT:5m:ob:simple_2c:short:2025-07-18T08:25:00+00:00:2025-07-18T08:30:00+00:00,m15_m5,at_anchor_close,2025-07-18T08:45:00+00:00,2025-07-18T08:45:00+00:00,3625.8,3626.6,3625.8,ETHUSDT:1h:ob:simple_2c:long:2025-07-18T03:00:00+00:00:2025-07-18T04:00:00+00:00,3603.01,3631.95,3671.91,short
1,ETHUSDT,eth_up,ETHUSDT:v06-owned-m15:long:2025-07-19T19:15:00+00:00,ETHUSDT:15m:ob:simple_2c:long:2025-07-19T19:00:00+00:00:2025-07-19T19:15:00+00:00,ETHUSDT:1h:ob:simple_2c:long:2025-07-18T20:00:00+00:00:2025-07-18T21:00:00+00:00,h1_m15,at_anchor_close,2025-07-19T19:30:00+00:00,2025-07-19T19:30:00+00:00,3551.1,3551.31,3551.31,ETHUSDT:1h:ob:simple_2c:short:2025-07-19T16:00:00+00:00:2025-07-19T17:00:00+00:00,3552.52,3541.54,3532.01,long
1,ETHUSDT,eth_up,ETHUSDT:v06-owned-m15:short:2025-07-20T22:00:00+00:00,ETHUSDT:15m:ob:simple_2c:short:2025-07-20T21:45:00+00:00:2025-07-20T22:00:00+00:00,ETHUSDT:5m:ob:double_3c:short:2025-07-20T21:50:00+00:00:2025-07-20T21:55:00+00:00:2025-07-20T22:00:00+00:00,m15_m5,at_anchor_close,2025-07-20T22:15:00+00:00,2025-07-20T22:15:00+00:00,3767.95,3770.75,3767.95,ETHUSDT:1h:ob:simple_2c:long:2025-07-20T20:00:00+00:00:2025-07-20T21:00:00+00:00,3749.38,3773.71,3773.76,short
1,ETHUSDT,eth_up,ETHUSDT:v06-owned-m15:long:2025-07-21T14:15:00+00:00,ETHUSDT:15m:ob:simple_2c:long:2025-07-21T14:00:00+00:00:2025-07-21T14:15:00+00:00,ETHUSDT:5m:ob:simple_2c:long:2025-07-21T14:10:00+00:00:2025-07-21T14:15:00+00:00,m15_m5,at_anchor_close,2025-07-21T14:30:00+00:00,2025-07-21T14:30:00+00:00,3811.9,3813.81,3813.81,ETHUSDT:1h:pivot:high:2025-07-21T11:00:00+00:00:3842.68,3842.68,3794.99,3776.05,long
1,ETHUSDT,eth_up,ETHUSDT:v06-owned-m15:long:2025-07-21T23:15:00+00:00,ETHUSDT:15m:ob:simple_2c:long:2025-07-21T23:00:00+00:00:2025-07-21T23:15:00+00:00,ETHUSDT:1h:ob:simple_2c:long:2025-07-21T21:00:00+00:00:2025-07-21T22:00:00+00:00,h1_m15,at_anchor_close,2025-07-21T23:30:00+00:00,2025-07-21T23:30:00+00:00,3755.99,3756.55,3756.55,ETHUSDT:15m:fvg:short:2025-07-21T18:15:00+00:00:2025-07-21T18:30:00+00:00:2025-07-21T18:45:00+00:00|ETHUSDT:15m:ob:simple_2c:short:2025-07-21T22:30:00+00:00:2025-07-21T22:45:00+00:00|ETHUSDT:15m:pivot:high:2025-07-21T22:45:00+00:00:3782.76|ETHUSDT:1h:ob:simple_2c:short:2025-07-21T17:00:00+00:00:2025-07-21T18:00:00+00:00,3760.6,3749.34,3716.47,long
2,BTCUSDT,btc_down_high_vol,BTCUSDT:v06-owned-m15:short:2026-01-25T06:00:00+00:00,BTCUSDT:15m:ob:double_3c:short:2026-01-25T05:30:00+00:00:2026-01-25T05:45:00+00:00:2026-01-25T06:00:00+00:00,BTCUSDT:5m:ob:simple_2c:short:2026-01-25T05:25:00+00:00:2026-01-25T05:30:00+00:00,m15_m5,at_anchor_close,2026-01-25T06:15:00+00:00,2026-01-25T06:15:00+00:00,88950.9,88953.7,88950.9,BTCUSDT:1h:pivot:low:2026-01-25T03:00:00+00:00:88800.1,88800.1,88968.1,89074.6,short
2,BTCUSDT,btc_down_high_vol,BTCUSDT:v06-owned-m15:long:2026-01-26T00:45:00+00:00,BTCUSDT:15m:ob:simple_2c:long:2026-01-26T00:30:00+00:00:2026-01-26T00:45:00+00:00,BTCUSDT:5m:ob:double_3c:long:2026-01-26T00:35:00+00:00:2026-01-26T00:40:00+00:00:2026-01-26T00:45:00+00:00,m15_m5,at_anchor_close,2026-01-26T01:00:00+00:00,2026-01-26T01:00:00+00:00,86587.8,86676.7,86676.7,BTCUSDT:15m:fvg:short:2026-01-25T15:45:00+00:00:2026-01-25T16:00:00+00:00:2026-01-25T16:15:00+00:00|BTCUSDT:15m:fvg:short:2026-01-25T19:00:00+00:00:2026-01-25T19:15:00+00:00:2026-01-25T19:30:00+00:00|BTCUSDT:15m:ob:double_3c:short:2026-01-25T16:30:00+00:00:2026-01-25T16:45:00+00:00:2026-01-25T17:00:00+00:00|BTCUSDT:15m:ob:simple_2c:short:2026-01-25T16:45:00+00:00:2026-01-25T17:00:00+00:00|BTCUSDT:15m:ob:simple_2c:short:2026-01-25T17:30:00+00:00:2026-01-25T17:45:00+00:00|BTCUSDT:15m:pivot:high:2026-01-26T00:15:00+00:00:87150|BTCUSDT:1h:fvg:short:2026-01-25T15:00:00+00:00:2026-01-25T16:00:00+00:00:2026-01-25T17:00:00+00:00|BTCUSDT:1h:fvg:short:2026-01-25T17:00:00+00:00:2026-01-25T18:00:00+00:00:2026-01-25T19:00:00+00:00|BTCUSDT:4h:fvg:short:2026-01-25T12:00:00+00:00:2026-01-25T16:00:00+00:00:2026-01-25T20:00:00+00:00,86785.9,86446.7,86031.29999999999,long
2,BTCUSDT,btc_down_high_vol,BTCUSDT:v06-owned-m15:long:2026-01-27T02:30:00+00:00,BTCUSDT:15m:ob:simple_2c:long:2026-01-27T02:15:00+00:00:2026-01-27T02:30:00+00:00,BTCUSDT:5m:ob:simple_2c:long:2026-01-27T02:25:00+00:00:2026-01-27T02:30:00+00:00,m15_m5,at_anchor_close,2026-01-27T02:45:00+00:00,2026-01-27T02:45:00+00:00,88527.4,88590.2,88590.2,BTCUSDT:15m:ob:simple_2c:short:2026-01-25T15:15:00+00:00:2026-01-25T15:30:00+00:00,88696.3,88510.2,88149.9,long
2,BTCUSDT,btc_down_high_vol,BTCUSDT:v06-owned-m15:long:2026-01-27T12:00:00+00:00,BTCUSDT:15m:ob:simple_2c:long:2026-01-27T11:45:00+00:00:2026-01-27T12:00:00+00:00,BTCUSDT:5m:ob:simple_2c:long:2026-01-27T11:35:00+00:00:2026-01-27T11:40:00+00:00,m15_m5,at_anchor_close,2026-01-27T12:15:00+00:00,2026-01-27T12:15:00+00:00,87937.0,87949.7,87949.7,BTCUSDT:15m:fvg:short:2026-01-27T08:45:00+00:00:2026-01-27T09:00:00+00:00:2026-01-27T09:15:00+00:00|BTCUSDT:1h:fvg:short:2026-01-27T08:00:00+00:00:2026-01-27T09:00:00+00:00:2026-01-27T10:00:00+00:00,88038.1,87905.5,87688.0,long
2,BTCUSDT,btc_down_high_vol,BTCUSDT:v06-owned-m15:long:2026-01-27T14:00:00+00:00,BTCUSDT:15m:ob:simple_2c:long:2026-01-27T13:45:00+00:00:2026-01-27T14:00:00+00:00,BTCUSDT:5m:ob:simple_2c:long:2026-01-27T13:55:00+00:00:2026-01-27T14:00:00+00:00,m15_m5,at_anchor_close,2026-01-27T14:15:00+00:00,2026-01-27T14:15:00+00:00,87932.3,87933.6,87933.6,BTCUSDT:1h:ob:simple_2c:short:2026-01-27T12:00:00+00:00:2026-01-27T13:00:00+00:00,87937.0,87824.29999999999,87688.0,long
2,BTCUSDT,btc_down_high_vol,BTCUSDT:v06-owned-m15:short:2026-01-28T02:30:00+00:00,BTCUSDT:15m:ob:simple_2c:short:2026-01-28T02:15:00+00:00:2026-01-28T02:30:00+00:00,BTCUSDT:5m:ob:double_3c:short:2026-01-28T02:20:00+00:00:2026-01-28T02:25:00+00:00:2026-01-28T02:30:00+00:00,m15_m5,at_anchor_close,2026-01-28T02:45:00+00:00,2026-01-28T02:45:00+00:00,89250.0,89294.1,89250.0,BTCUSDT:15m:fvg:long:2026-01-27T19:45:00+00:00:2026-01-27T20:00:00+00:00:2026-01-27T20:15:00+00:00|BTCUSDT:15m:fvg:long:2026-01-27T20:00:00+00:00:2026-01-27T20:15:00+00:00:2026-01-27T20:30:00+00:00|BTCUSDT:15m:ob:simple_2c:long:2026-01-27T19:45:00+00:00:2026-01-27T20:00:00+00:00|BTCUSDT:15m:ob:simple_2c:long:2026-01-27T20:30:00+00:00:2026-01-27T20:45:00+00:00|BTCUSDT:15m:pivot:low:2026-01-27T21:45:00+00:00:88968.9|BTCUSDT:15m:pivot:low:2026-01-28T00:00:00+00:00:89100.1|BTCUSDT:1h:fvg:long:2026-01-27T19:00:00+00:00:2026-01-27T20:00:00+00:00:2026-01-27T21:00:00+00:00,89107.4,89342.90000000001,89460.5,short
2,BTCUSDT,btc_down_high_vol,BTCUSDT:v06-owned-m15:long:2026-01-28T17:30:00+00:00,BTCUSDT:15m:ob:double_3c:long:2026-01-28T17:00:00+00:00:2026-01-28T17:15:00+00:00:2026-01-28T17:30:00+00:00,BTCUSDT:1h:ob:simple_2c:long:2026-01-28T15:00:00+00:00:2026-01-28T16:00:00+00:00,h1_m15,at_anchor_close,2026-01-28T17:45:00+00:00,2026-01-28T17:45:00+00:00,89553.6,89571.4,89571.4,BTCUSDT:15m:fvg:short:2026-01-28T14:15:00+00:00:2026-01-28T14:30:00+00:00:2026-01-28T14:45:00+00:00|BTCUSDT:1h:fvg:short:2026-01-28T13:00:00+00:00:2026-01-28T14:00:00+00:00:2026-01-28T15:00:00+00:00,89743.3,89207.59999999999,88836.2,long
2,BTCUSDT,btc_down_high_vol,BTCUSDT:v06-owned-m15:short:2026-01-29T08:00:00+00:00,BTCUSDT:15m:ob:simple_2c:short:2026-01-29T07:45:00+00:00:2026-01-29T08:00:00+00:00,BTCUSDT:5m:ob:simple_2c:short:2026-01-29T05:00:00+00:00:2026-01-29T05:05:00+00:00,m15_m5,at_anchor_close,2026-01-29T08:15:00+00:00,2026-01-29T08:15:00+00:00,88299.4,88314.5,88299.4,BTCUSDT:1h:ob:simple_2c:long:2026-01-29T05:00:00+00:00:2026-01-29T06:00:00+00:00,88264.1,88388.6,88348.70000000001,short
2,BTCUSDT,btc_down_high_vol,BTCUSDT:v06-owned-m15:short:2026-01-29T11:15:00+00:00,BTCUSDT:15m:ob:simple_2c:short:2026-01-29T11:00:00+00:00:2026-01-29T11:15:00+00:00,BTCUSDT:5m:ob:simple_2c:short:2026-01-29T11:10:00+00:00:2026-01-29T11:15:00+00:00,m15_m5,at_anchor_close,2026-01-29T11:30:00+00:00,2026-01-29T11:30:00+00:00,87967.1,87979.6,87967.1,BTCUSDT:15m:fvg:long:2026-01-27T17:45:00+00:00:2026-01-27T18:00:00+00:00:2026-01-27T18:15:00+00:00|BTCUSDT:15m:pivot:low:2026-01-29T02:45:00+00:00:87650|BTCUSDT:1h:pivot:low:2026-01-29T02:00:00+00:00:87650|BTCUSDT:4h:ob:simple_2c:long:2026-01-26T12:00:00+00:00:2026-01-26T16:00:00+00:00,87816.0,88021.20000000001,88458.90000000001,short
2,BTCUSDT,btc_down_high_vol,BTCUSDT:v06-owned-m15:long:2026-02-01T00:00:00+00:00,BTCUSDT:15m:ob:simple_2c:long:2026-01-31T23:45:00+00:00:2026-02-01T00:00:00+00:00,BTCUSDT:5m:ob:simple_2c:long:2026-01-31T23:55:00+00:00:2026-02-01T00:00:00+00:00,m15_m5,at_anchor_close,2026-02-01T00:15:00+00:00,2026-02-01T00:15:00+00:00,78704.4,78722.9,78722.9,BTCUSDT:15m:fvg:short:2026-01-31T16:30:00+00:00:2026-01-31T16:45:00+00:00:2026-01-31T17:00:00+00:00|BTCUSDT:15m:fvg:short:2026-01-31T16:45:00+00:00:2026-01-31T17:00:00+00:00:2026-01-31T17:15:00+00:00|BTCUSDT:15m:ob:simple_2c:short:2026-01-31T16:15:00+00:00:2026-01-31T16:30:00+00:00|BTCUSDT:1h:fvg:short:2026-01-31T15:00:00+00:00:2026-01-31T16:00:00+00:00:2026-01-31T17:00:00+00:00|BTCUSDT:1h:fvg:short:2026-01-31T16:00:00+00:00:2026-01-31T17:00:00+00:00:2026-01-31T18:00:00+00:00|BTCUSDT:4h:fvg:short:2026-01-31T12:00:00+00:00:2026-01-31T16:00:00+00:00:2026-01-31T20:00:00+00:00,79096.8,78610.9,77954.7,long
2,BTCUSDT,btc_down_high_vol,BTCUSDT:v06-owned-m15:short:2026-02-01T05:30:00+00:00,BTCUSDT:15m:ob:simple_2c:short:2026-02-01T05:15:00+00:00:2026-02-01T05:30:00+00:00,BTCUSDT:5m:ob:simple_2c:short:2026-02-01T05:25:00+00:00:2026-02-01T05:30:00+00:00,m15_m5,at_anchor_close,2026-02-01T05:45:00+00:00,2026-02-01T05:45:00+00:00,78855.3,78900.4,78855.3,BTCUSDT:1h:ob:simple_2c:long:2026-02-01T03:00:00+00:00:2026-02-01T04:00:00+00:00,78847.0,78951.70000000001,79074.40000000001,short
2,BTCUSDT,btc_down_high_vol,BTCUSDT:v06-owned-m15:long:2026-02-01T09:30:00+00:00,BTCUSDT:15m:ob:simple_2c:long:2026-02-01T09:15:00+00:00:2026-02-01T09:30:00+00:00,BTCUSDT:5m:ob:double_3c:long:2026-02-01T09:20:00+00:00:2026-02-01T09:25:00+00:00:2026-02-01T09:30:00+00:00,m15_m5,at_anchor_close,2026-02-01T09:45:00+00:00,2026-02-01T09:45:00+00:00,78633.9,78698.3,78698.3,BTCUSDT:15m:ob:simple_2c:short:2026-02-01T05:15:00+00:00:2026-02-01T05:30:00+00:00|BTCUSDT:1h:ob:double_3c:short:2026-02-01T03:00:00+00:00:2026-02-01T04:00:00+00:00:2026-02-01T05:00:00+00:00|BTCUSDT:1h:ob:simple_2c:short:2026-02-01T04:00:00+00:00:2026-02-01T05:00:00+00:00|BTCUSDT:4h:ob:simple_2c:short:2026-02-01T00:00:00+00:00:2026-02-01T04:00:00+00:00,78704.4,78584.59999999999,78219.9,long
2,BTCUSDT,btc_down_high_vol,BTCUSDT:v06-owned-m15:long:2026-02-02T08:30:00+00:00,BTCUSDT:15m:ob:simple_2c:long:2026-02-02T08:15:00+00:00:2026-02-02T08:30:00+00:00,BTCUSDT:5m:ob:double_3c:long:2026-02-02T07:50:00+00:00:2026-02-02T07:55:00+00:00:2026-02-02T08:00:00+00:00,m15_m5,at_anchor_close,2026-02-02T08:45:00+00:00,2026-02-02T08:45:00+00:00,76750.0,76760.4,76760.4,BTCUSDT:15m:ob:simple_2c:short:2026-02-01T18:45:00+00:00:2026-02-01T19:00:00+00:00|BTCUSDT:1h:ob:simple_2c:short:2026-02-01T18:00:00+00:00:2026-02-01T19:00:00+00:00,77719.0,76607.2,74901.9,long
2,BTCUSDT,btc_down_high_vol,BTCUSDT:v06-owned-m15:short:2026-02-03T02:00:00+00:00,BTCUSDT:15m:ob:simple_2c:short:2026-02-03T01:45:00+00:00:2026-02-03T02:00:00+00:00,BTCUSDT:5m:ob:double_3c:short:2026-02-02T15:40:00+00:00:2026-02-02T15:45:00+00:00:2026-02-02T15:50:00+00:00,m15_m5,at_anchor_close,2026-02-03T02:15:00+00:00,2026-02-03T02:15:00+00:00,78969.8,78980.8,78969.8,BTCUSDT:1h:ob:simple_2c:long:2026-02-02T23:00:00+00:00:2026-02-03T00:00:00+00:00,78765.9,78999.1,79177.8,short
2,BTCUSDT,btc_down_high_vol,BTCUSDT:v06-owned-m15:long:2026-02-03T04:30:00+00:00,BTCUSDT:15m:ob:double_3c:long:2026-02-03T04:00:00+00:00:2026-02-03T04:15:00+00:00:2026-02-03T04:30:00+00:00,BTCUSDT:5m:ob:simple_2c:long:2026-02-03T04:25:00+00:00:2026-02-03T04:30:00+00:00,m15_m5,at_anchor_close,2026-02-03T04:45:00+00:00,2026-02-03T04:45:00+00:00,78474.4,78527.9,78527.9,BTCUSDT:4h:ob:simple_2c:short:2026-02-01T00:00:00+00:00:2026-02-01T04:00:00+00:00,78704.4,78440.5,77600.0,long
2,BTCUSDT,btc_down_high_vol,BTCUSDT:v06-owned-m15:short:2026-02-03T14:30:00+00:00,BTCUSDT:15m:ob:simple_2c:short:2026-02-03T14:15:00+00:00:2026-02-03T14:30:00+00:00,BTCUSDT:5m:ob:simple_2c:short:2026-02-03T13:35:00+00:00:2026-02-03T13:40:00+00:00,m15_m5,at_anchor_close,2026-02-03T14:45:00+00:00,2026-02-03T14:45:00+00:00,78311.1,78342.0,78311.1,BTCUSDT:1h:ob:simple_2c:long:2026-02-03T11:00:00+00:00:2026-02-03T12:00:00+00:00|BTCUSDT:4h:fvg:long:2026-02-02T08:00:00+00:00:2026-02-02T12:00:00+00:00:2026-02-02T16:00:00+00:00,78228.6,78389.3,78417.3,short
2,BTCUSDT,btc_down_high_vol,BTCUSDT:v06-owned-m15:long:2026-02-03T20:15:00+00:00,BTCUSDT:15m:ob:double_3c:long:2026-02-03T19:45:00+00:00:2026-02-03T20:00:00+00:00:2026-02-03T20:15:00+00:00,BTCUSDT:1h:ob:simple_2c:long:2026-02-03T18:00:00+00:00:2026-02-03T19:00:00+00:00,h1_m15,at_anchor_close,2026-02-03T20:30:00+00:00,2026-02-03T20:30:00+00:00,74674.0,74874.2,74874.2,BTCUSDT:15m:fvg:short:2026-02-03T16:45:00+00:00:2026-02-03T17:00:00+00:00:2026-02-03T17:15:00+00:00|BTCUSDT:15m:ob:simple_2c:short:2026-02-03T17:15:00+00:00:2026-02-03T17:30:00+00:00|BTCUSDT:1h:fvg:short:2026-02-03T16:00:00+00:00:2026-02-03T17:00:00+00:00:2026-02-03T18:00:00+00:00,75268.0,74288.5,72889.59999999999,long
2,BTCUSDT,btc_down_high_vol,BTCUSDT:v06-owned-m15:short:2026-02-04T09:00:00+00:00,BTCUSDT:15m:ob:simple_2c:short:2026-02-04T08:45:00+00:00:2026-02-04T09:00:00+00:00,BTCUSDT:5m:ob:simple_2c:short:2026-02-04T07:40:00+00:00:2026-02-04T07:45:00+00:00,m15_m5,at_anchor_close,2026-02-04T09:15:00+00:00,2026-02-04T09:15:00+00:00,76501.2,76522.8,76501.2,BTCUSDT:15m:fvg:long:2026-02-03T20:00:00+00:00:2026-02-03T20:15:00+00:00:2026-02-03T20:30:00+00:00|BTCUSDT:15m:fvg:long:2026-02-04T00:00:00+00:00:2026-02-04T00:15:00+00:00:2026-02-04T00:30:00+00:00|BTCUSDT:15m:fvg:long:2026-02-04T02:45:00+00:00:2026-02-04T03:00:00+00:00:2026-02-04T03:15:00+00:00|BTCUSDT:15m:ob:double_3c:long:2026-02-04T00:30:00+00:00:2026-02-04T00:45:00+00:00:2026-02-04T01:00:00+00:00|BTCUSDT:15m:ob:simple_2c:long:2026-02-04T00:00:00+00:00:2026-02-04T00:15:00+00:00|BTCUSDT:15m:ob:simple_2c:long:2026-02-04T00:45:00+00:00:2026-02-04T01:00:00+00:00|BTCUSDT:15m:ob:simple_2c:long:2026-02-04T02:45:00+00:00:2026-02-04T03:00:00+00:00|BTCUSDT:15m:pivot:low:2026-02-03T22:45:00+00:00:75367.9|BTCUSDT:15m:pivot:low:2026-02-04T00:00:00+00:00:75414|BTCUSDT:15m:pivot:low:2026-02-04T02:30:00+00:00:75663.6|BTCUSDT:15m:pivot:low:2026-02-04T08:30:00+00:00:76026.5|BTCUSDT:1h:fvg:long:2026-02-03T19:00:00+00:00:2026-02-03T20:00:00+00:00:2026-02-03T21:00:00+00:00|BTCUSDT:1h:ob:simple_2c:long:2026-02-04T02:00:00+00:00:2026-02-04T03:00:00+00:00|BTCUSDT:1h:ob:simple_2c:long:2026-02-04T05:00:00+00:00:2026-02-04T06:00:00+00:00,76451.3,76578.90000000001,76759.5,short
2,BTCUSDT,btc_down_high_vol,BTCUSDT:v06-owned-m15:long:2026-02-05T09:00:00+00:00,BTCUSDT:15m:ob:simple_2c:long:2026-02-05T08:45:00+00:00:2026-02-05T09:00:00+00:00,BTCUSDT:5m:ob:double_3c:long:2026-02-05T08:50:00+00:00:2026-02-05T08:55:00+00:00:2026-02-05T09:00:00+00:00,m15_m5,at_anchor_close,2026-02-05T09:15:00+00:00,2026-02-05T09:15:00+00:00,71022.6,71144.7,71144.7,BTCUSDT:4h:fvg:short:2026-02-04T20:00:00+00:00:2026-02-05T00:00:00+00:00:2026-02-05T04:00:00+00:00,71600.0,71002.09999999999,70591.4,long
3,ETHUSDT,eth_down_high_vol,ETHUSDT:v06-owned-m15:short:2026-01-23T14:30:00+00:00,ETHUSDT:15m:ob:simple_2c:short:2026-01-23T14:15:00+00:00:2026-01-23T14:30:00+00:00,ETHUSDT:5m:ob:double_3c:short:2026-01-23T13:15:00+00:00:2026-01-23T13:20:00+00:00:2026-01-23T13:25:00+00:00,m15_m5,at_anchor_close,2026-01-23T14:45:00+00:00,2026-01-23T14:45:00+00:00,2937.23,2938.81,2937.23,ETHUSDT:1h:ob:simple_2c:long:2026-01-23T09:00:00+00:00:2026-01-23T10:00:00+00:00,2926.0,2940.9700000000003,2943.6200000000003,short
3,ETHUSDT,eth_down_high_vol,ETHUSDT:v06-owned-m15:short:2026-01-26T14:00:00+00:00,ETHUSDT:15m:ob:simple_2c:short:2026-01-26T13:45:00+00:00:2026-01-26T14:00:00+00:00,ETHUSDT:1h:ob:simple_2c:short:2026-01-26T08:00:00+00:00:2026-01-26T09:00:00+00:00,h1_m15,at_anchor_close,2026-01-26T14:15:00+00:00,2026-01-26T14:15:00+00:00,2905.54,2908.43,2905.54,ETHUSDT:1h:ob:simple_2c:long:2026-01-26T11:00:00+00:00:2026-01-26T12:00:00+00:00,2894.91,2914.99,2914.63,short
3,ETHUSDT,eth_down_high_vol,ETHUSDT:v06-owned-m15:long:2026-01-28T06:45:00+00:00,ETHUSDT:15m:ob:simple_2c:long:2026-01-28T06:30:00+00:00:2026-01-28T06:45:00+00:00,ETHUSDT:5m:ob:simple_2c:long:2026-01-28T06:40:00+00:00:2026-01-28T06:45:00+00:00,m15_m5,at_anchor_close,2026-01-28T07:00:00+00:00,2026-01-28T07:00:00+00:00,3004.65,3006.26,3006.26,ETHUSDT:15m:fvg:short:2026-01-28T01:00:00+00:00:2026-01-28T01:15:00+00:00:2026-01-28T01:30:00+00:00|ETHUSDT:15m:ob:double_3c:short:2026-01-28T01:30:00+00:00:2026-01-28T01:45:00+00:00:2026-01-28T02:00:00+00:00|ETHUSDT:15m:ob:simple_2c:short:2026-01-28T01:45:00+00:00:2026-01-28T02:00:00+00:00|ETHUSDT:15m:ob:simple_2c:short:2026-01-28T02:15:00+00:00:2026-01-28T02:30:00+00:00,3010.73,3001.3,2994.71,long
3,ETHUSDT,eth_down_high_vol,ETHUSDT:v06-owned-m15:long:2026-01-29T08:15:00+00:00,ETHUSDT:15m:ob:double_3c:long:2026-01-29T07:45:00+00:00:2026-01-29T08:00:00+00:00:2026-01-29T08:15:00+00:00,ETHUSDT:1h:ob:simple_2c:long:2026-01-29T03:00:00+00:00:2026-01-29T04:00:00+00:00,h1_m15,at_anchor_close,2026-01-29T08:30:00+00:00,2026-01-29T08:30:00+00:00,2951.19,2957.89,2957.89,ETHUSDT:15m:fvg:short:2026-01-29T02:15:00+00:00:2026-01-29T02:30:00+00:00:2026-01-29T02:45:00+00:00|ETHUSDT:15m:ob:simple_2c:short:2026-01-29T01:30:00+00:00:2026-01-29T01:45:00+00:00|ETHUSDT:15m:ob:simple_2c:short:2026-01-29T02:15:00+00:00:2026-01-29T02:30:00+00:00|ETHUSDT:1h:fvg:short:2026-01-29T01:00:00+00:00:2026-01-29T02:00:00+00:00:2026-01-29T03:00:00+00:00|ETHUSDT:4h:fvg:short:2026-01-28T20:00:00+00:00:2026-01-29T00:00:00+00:00:2026-01-29T04:00:00+00:00,2965.2,2940.59,2946.53,long
3,ETHUSDT,eth_down_high_vol,ETHUSDT:v06-owned-m15:short:2026-01-29T18:45:00+00:00,ETHUSDT:15m:ob:simple_2c:short:2026-01-29T18:30:00+00:00:2026-01-29T18:45:00+00:00,ETHUSDT:5m:ob:simple_2c:short:2026-01-29T18:40:00+00:00:2026-01-29T18:45:00+00:00,m15_m5,at_anchor_close,2026-01-29T19:00:00+00:00,2026-01-29T19:00:00+00:00,2801.41,2802.33,2801.41,ETHUSDT:4h:pivot:low:2026-01-25T20:00:00+00:00:2785,2785.0,2811.36,2859.7900000000004,short
3,ETHUSDT,eth_down_high_vol,ETHUSDT:v06-owned-m15:short:2026-01-30T09:45:00+00:00,ETHUSDT:15m:ob:simple_2c:short:2026-01-30T09:30:00+00:00:2026-01-30T09:45:00+00:00,ETHUSDT:5m:ob:simple_2c:short:2026-01-30T09:40:00+00:00:2026-01-30T09:45:00+00:00,m15_m5,at_anchor_close,2026-01-30T10:00:00+00:00,2026-01-30T10:00:00+00:00,2725.89,2726.17,2725.89,ETHUSDT:15m:pivot:low:2026-01-30T06:45:00+00:00:2694|ETHUSDT:1h:pivot:low:2026-01-30T06:00:00+00:00:2694,2694.0,2730.8100000000004,2742.8500000000004,short
3,ETHUSDT,eth_down_high_vol,ETHUSDT:v06-owned-m15:short:2026-01-30T13:45:00+00:00,ETHUSDT:15m:ob:double_3c:short:2026-01-30T13:15:00+00:00:2026-01-30T13:30:00+00:00:2026-01-30T13:45:00+00:00,ETHUSDT:5m:ob:simple_2c:short:2026-01-30T13:40:00+00:00:2026-01-30T13:45:00+00:00,m15_m5,at_anchor_close,2026-01-30T14:00:00+00:00,2026-01-30T14:00:00+00:00,2735.11,2736.8,2735.11,ETHUSDT:15m:ob:simple_2c:long:2026-01-30T10:30:00+00:00:2026-01-30T10:45:00+00:00,2725.86,2750.01,2768.96,short
3,ETHUSDT,eth_down_high_vol,ETHUSDT:v06-owned-m15:long:2026-01-30T14:30:00+00:00,ETHUSDT:15m:ob:simple_2c:long:2026-01-30T14:15:00+00:00:2026-01-30T14:30:00+00:00,ETHUSDT:5m:ob:simple_2c:long:2026-01-30T14:25:00+00:00:2026-01-30T14:30:00+00:00,m15_m5,at_anchor_close,2026-01-30T14:45:00+00:00,2026-01-30T14:45:00+00:00,2732.11,2735.74,2735.74,ETHUSDT:15m:fvg:short:2026-01-29T23:45:00+00:00:2026-01-30T00:00:00+00:00:2026-01-30T00:15:00+00:00|ETHUSDT:15m:fvg:short:2026-01-30T00:00:00+00:00:2026-01-30T00:15:00+00:00:2026-01-30T00:30:00+00:00|ETHUSDT:15m:fvg:short:2026-01-30T01:15:00+00:00:2026-01-30T01:30:00+00:00:2026-01-30T01:45:00+00:00|ETHUSDT:15m:ob:simple_2c:short:2026-01-30T00:30:00+00:00:2026-01-30T00:45:00+00:00|ETHUSDT:15m:ob:simple_2c:short:2026-01-30T01:00:00+00:00:2026-01-30T01:15:00+00:00|ETHUSDT:15m:pivot:high:2026-01-30T04:15:00+00:00:2773.7|ETHUSDT:15m:pivot:high:2026-01-30T11:45:00+00:00:2768.95|ETHUSDT:1h:fvg:short:2026-01-30T00:00:00+00:00:2026-01-30T01:00:00+00:00:2026-01-30T02:00:00+00:00|ETHUSDT:1h:ob:simple_2c:short:2026-01-29T23:00:00+00:00:2026-01-30T00:00:00+00:00|ETHUSDT:1h:pivot:high:2026-01-30T04:00:00+00:00:2773.7|ETHUSDT:1h:pivot:high:2026-01-30T11:00:00+00:00:2768.95|ETHUSDT:4h:fvg:short:2026-01-29T20:00:00+00:00:2026-01-30T00:00:00+00:00:2026-01-30T04:00:00+00:00|ETHUSDT:4h:ob:simple_2c:short:2026-01-29T20:00:00+00:00:2026-01-30T00:00:00+00:00,2749.86,2722.6,2717.36,long
3,ETHUSDT,eth_down_high_vol,ETHUSDT:v06-owned-m15:long:2026-02-02T09:15:00+00:00,ETHUSDT:15m:ob:double_3c:long:2026-02-02T08:45:00+00:00:2026-02-02T09:00:00+00:00:2026-02-02T09:15:00+00:00,ETHUSDT:5m:ob:simple_2c:long:2026-02-02T08:25:00+00:00:2026-02-02T08:30:00+00:00,m15_m5,at_anchor_close,2026-02-02T09:30:00+00:00,2026-02-02T09:30:00+00:00,2243.03,2243.83,2243.83,ETHUSDT:15m:fvg:short:2026-02-02T02:15:00+00:00:2026-02-02T02:30:00+00:00:2026-02-02T02:45:00+00:00,2277.0,2236.58,2156.74,long
3,ETHUSDT,eth_down_high_vol,ETHUSDT:v06-owned-m15:short:2026-02-03T02:00:00+00:00,ETHUSDT:15m:ob:simple_2c:short:2026-02-03T01:45:00+00:00:2026-02-03T02:00:00+00:00,ETHUSDT:5m:ob:simple_2c:short:2026-02-03T01:55:00+00:00:2026-02-03T02:00:00+00:00,m15_m5,at_anchor_close,2026-02-03T02:15:00+00:00,2026-02-03T02:15:00+00:00,2353.01,2353.37,2353.01,ETHUSDT:1h:ob:simple_2c:long:2026-02-02T23:00:00+00:00:2026-02-03T00:00:00+00:00,2350.06,2354.69,2358.51,short
3,ETHUSDT,eth_down_high_vol,ETHUSDT:v06-owned-m15:long:2026-02-03T20:15:00+00:00,ETHUSDT:15m:ob:double_3c:long:2026-02-03T19:45:00+00:00:2026-02-03T20:00:00+00:00:2026-02-03T20:15:00+00:00,ETHUSDT:5m:ob:simple_2c:long:2026-02-03T20:10:00+00:00:2026-02-03T20:15:00+00:00,m15_m5,at_anchor_close,2026-02-03T20:30:00+00:00,2026-02-03T20:30:00+00:00,2192.0,2193.6,2193.6,ETHUSDT:1h:fvg:short:2026-02-03T16:00:00+00:00:2026-02-03T17:00:00+00:00:2026-02-03T18:00:00+00:00,2207.19,2185.43,2104.51,long
3,ETHUSDT,eth_down_high_vol,ETHUSDT:v06-owned-m15:long:2026-02-04T01:00:00+00:00,ETHUSDT:15m:ob:double_3c:long:2026-02-04T00:30:00+00:00:2026-02-04T00:45:00+00:00:2026-02-04T01:00:00+00:00,ETHUSDT:5m:ob:simple_2c:long:2026-02-04T00:55:00+00:00:2026-02-04T01:00:00+00:00,m15_m5,at_anchor_close,2026-02-04T01:15:00+00:00,2026-02-04T01:15:00+00:00,2239.88,2240.7,2240.7,ETHUSDT:15m:fvg:short:2026-02-03T21:30:00+00:00:2026-02-03T21:45:00+00:00:2026-02-03T22:00:00+00:00|ETHUSDT:15m:fvg:short:2026-02-03T21:45:00+00:00:2026-02-03T22:00:00+00:00:2026-02-03T22:15:00+00:00|ETHUSDT:1h:fvg:short:2026-02-03T21:00:00+00:00:2026-02-03T22:00:00+00:00:2026-02-03T23:00:00+00:00|ETHUSDT:1h:ob:simple_2c:short:2026-02-03T13:00:00+00:00:2026-02-03T14:00:00+00:00|ETHUSDT:1h:ob:simple_2c:short:2026-02-03T15:00:00+00:00:2026-02-03T16:00:00+00:00|ETHUSDT:4h:ob:simple_2c:short:2026-02-03T12:00:00+00:00:2026-02-03T16:00:00+00:00,2248.05,2237.3,2216.52,long
3,ETHUSDT,eth_down_high_vol,ETHUSDT:v06-owned-m15:short:2026-02-04T18:00:00+00:00,ETHUSDT:15m:ob:simple_2c:short:2026-02-04T17:45:00+00:00:2026-02-04T18:00:00+00:00,ETHUSDT:5m:ob:simple_2c:short:2026-02-04T17:55:00+00:00:2026-02-04T18:00:00+00:00,m15_m5,at_anchor_close,2026-02-04T18:15:00+00:00,2026-02-04T18:15:00+00:00,2118.21,2125.21,2118.21,ETHUSDT:4h:pivot:low:2026-02-03T16:00:00+00:00:2104.52,2104.52,2133.24,2155.7700000000004,short
3,ETHUSDT,eth_down_high_vol,ETHUSDT:v06-owned-m15:long:2026-02-05T01:00:00+00:00,ETHUSDT:15m:ob:simple_2c:long:2026-02-05T00:45:00+00:00:2026-02-05T01:00:00+00:00,ETHUSDT:5m:ob:simple_2c:long:2026-02-05T00:55:00+00:00:2026-02-05T01:00:00+00:00,m15_m5,at_anchor_close,2026-02-05T01:15:00+00:00,2026-02-05T01:15:00+00:00,2148.98,2150.32,2150.32,ETHUSDT:15m:fvg:short:2026-02-04T20:45:00+00:00:2026-02-04T21:00:00+00:00:2026-02-04T21:15:00+00:00|ETHUSDT:15m:pivot:high:2026-02-04T21:00:00+00:00:2183.74|ETHUSDT:4h:ob:simple_2c:short:2026-02-04T16:00:00+00:00:2026-02-04T20:00:00+00:00,2150.61,2145.99,2135.26,long
3,ETHUSDT,eth_down_high_vol,ETHUSDT:v06-owned-m15:short:2026-02-05T03:45:00+00:00,ETHUSDT:15m:ob:simple_2c:short:2026-02-05T03:30:00+00:00:2026-02-05T03:45:00+00:00,ETHUSDT:5m:ob:double_3c:short:2026-02-05T03:15:00+00:00:2026-02-05T03:20:00+00:00:2026-02-05T03:25:00+00:00,m15_m5,at_anchor_close,2026-02-05T04:00:00+00:00,2026-02-05T04:00:00+00:00,2112.77,2114.03,2112.77,ETHUSDT:15m:pivot:low:2026-02-05T03:15:00+00:00:2096.96,2096.96,2117.7700000000004,2163.05,short
3,ETHUSDT,eth_down_high_vol,ETHUSDT:v06-owned-m15:long:2026-02-05T09:00:00+00:00,ETHUSDT:15m:ob:double_3c:long:2026-02-05T08:30:00+00:00:2026-02-05T08:45:00+00:00:2026-02-05T09:00:00+00:00,ETHUSDT:5m:ob:simple_2c:long:2026-02-05T08:45:00+00:00:2026-02-05T08:50:00+00:00,m15_m5,at_anchor_close,2026-02-05T09:15:00+00:00,2026-02-05T09:15:00+00:00,2112.88,2113.91,2113.91,ETHUSDT:15m:fvg:short:2026-02-04T20:45:00+00:00:2026-02-04T21:00:00+00:00:2026-02-04T21:15:00+00:00|ETHUSDT:15m:ob:simple_2c:short:2026-02-05T02:30:00+00:00:2026-02-05T02:45:00+00:00|ETHUSDT:15m:pivot:high:2026-02-04T21:00:00+00:00:2183.74|ETHUSDT:15m:pivot:high:2026-02-05T01:30:00+00:00:2174.98|ETHUSDT:15m:pivot:high:2026-02-05T02:30:00+00:00:2163.04|ETHUSDT:1h:pivot:high:2026-02-05T01:00:00+00:00:2174.98|ETHUSDT:4h:ob:simple_2c:short:2026-02-04T16:00:00+00:00:2026-02-04T20:00:00+00:00,2136.97,2107.58,2085.14,long
3,ETHUSDT,eth_down_high_vol,ETHUSDT:v06-owned-m15:short:2026-02-05T18:15:00+00:00,ETHUSDT:15m:ob:simple_2c:short:2026-02-05T18:00:00+00:00:2026-02-05T18:15:00+00:00,ETHUSDT:5m:ob:double_3c:short:2026-02-05T18:05:00+00:00:2026-02-05T18:10:00+00:00:2026-02-05T18:15:00+00:00,m15_m5,at_anchor_close,2026-02-05T18:30:00+00:00,2026-02-05T18:30:00+00:00,1956.27,1960.41,1956.27,ETHUSDT:15m:pivot:low:2026-02-05T15:30:00+00:00:1924.89|ETHUSDT:1h:pivot:low:2026-02-05T15:00:00+00:00:1924.89,1924.89,1967.63,2017.35,short
4,BTCUSDT,btc_up,BTCUSDT:v06-owned-m15:short:2026-04-05T05:45:00+00:00,BTCUSDT:15m:ob:simple_2c:short:2026-04-05T05:30:00+00:00:2026-04-05T05:45:00+00:00,BTCUSDT:5m:ob:simple_2c:short:2026-04-05T05:40:00+00:00:2026-04-05T05:45:00+00:00,m15_m5,at_anchor_close,2026-04-05T06:00:00+00:00,2026-04-05T06:00:00+00:00,67050.0,67056.5,67050.0,BTCUSDT:15m:ob:double_3c:long:2026-04-04T04:45:00+00:00:2026-04-04T05:00:00+00:00:2026-04-04T05:15:00+00:00|BTCUSDT:15m:ob:simple_2c:long:2026-04-04T04:00:00+00:00:2026-04-04T04:15:00+00:00|BTCUSDT:15m:ob:simple_2c:long:2026-04-04T05:00:00+00:00:2026-04-04T05:15:00+00:00|BTCUSDT:15m:pivot:low:2026-04-04T05:15:00+00:00:66802.7|BTCUSDT:1h:fvg:long:2026-04-04T04:00:00+00:00:2026-04-04T05:00:00+00:00:2026-04-04T06:00:00+00:00|BTCUSDT:1h:ob:simple_2c:long:2026-04-04T03:00:00+00:00:2026-04-04T04:00:00+00:00|BTCUSDT:4h:ob:simple_2c:long:2026-04-04T00:00:00+00:00:2026-04-04T04:00:00+00:00,66932.7,67073.0,67159.1,short
4,BTCUSDT,btc_up,BTCUSDT:v06-owned-m15:long:2026-04-05T08:45:00+00:00,BTCUSDT:15m:ob:double_3c:long:2026-04-05T08:15:00+00:00:2026-04-05T08:30:00+00:00:2026-04-05T08:45:00+00:00,BTCUSDT:5m:ob:double_3c:long:2026-04-05T08:35:00+00:00:2026-04-05T08:40:00+00:00:2026-04-05T08:45:00+00:00,m15_m5,at_anchor_close,2026-04-05T09:00:00+00:00,2026-04-05T09:00:00+00:00,66812.9,66829.1,66829.1,BTCUSDT:15m:fvg:short:2026-04-05T05:30:00+00:00:2026-04-05T05:45:00+00:00:2026-04-05T06:00:00+00:00|BTCUSDT:1h:fvg:short:2026-04-05T04:00:00+00:00:2026-04-05T05:00:00+00:00:2026-04-05T06:00:00+00:00,66912.8,66788.9,66673.29999999999,long
4,BTCUSDT,btc_up,BTCUSDT:v06-owned-m15:short:2026-04-05T12:00:00+00:00,BTCUSDT:15m:ob:simple_2c:short:2026-04-05T11:45:00+00:00:2026-04-05T12:00:00+00:00,BTCUSDT:5m:ob:simple_2c:short:2026-04-05T11:55:00+00:00:2026-04-05T12:00:00+00:00,m15_m5,at_anchor_close,2026-04-05T12:15:00+00:00,2026-04-05T12:15:00+00:00,66966.2,66972.7,66966.2,BTCUSDT:1h:fvg:long:2026-04-05T08:00:00+00:00:2026-04-05T09:00:00+00:00:2026-04-05T10:00:00+00:00,66919.7,66975.0,67116.0,short
4,BTCUSDT,btc_up,BTCUSDT:v06-owned-m15:long:2026-04-08T04:00:00+00:00,BTCUSDT:15m:ob:simple_2c:long:2026-04-08T03:45:00+00:00:2026-04-08T04:00:00+00:00,BTCUSDT:5m:ob:double_3c:long:2026-04-08T03:50:00+00:00:2026-04-08T03:55:00+00:00:2026-04-08T04:00:00+00:00,m15_m5,at_anchor_close,2026-04-08T04:15:00+00:00,2026-04-08T04:15:00+00:00,71255.1,71284.5,71284.5,BTCUSDT:15m:ob:simple_2c:short:2026-04-08T02:00:00+00:00:2026-04-08T02:15:00+00:00,71450.9,71244.0,71236.09999999999,long
4,BTCUSDT,btc_up,BTCUSDT:v06-owned-m15:short:2026-04-08T11:30:00+00:00,BTCUSDT:15m:ob:simple_2c:short:2026-04-08T11:15:00+00:00:2026-04-08T11:30:00+00:00,BTCUSDT:5m:ob:simple_2c:short:2026-04-08T10:05:00+00:00:2026-04-08T10:10:00+00:00,m15_m5,at_anchor_close,2026-04-08T11:45:00+00:00,2026-04-08T11:45:00+00:00,71621.8,71628.9,71621.8,BTCUSDT:15m:fvg:long:2026-04-08T03:45:00+00:00:2026-04-08T04:00:00+00:00:2026-04-08T04:15:00+00:00|BTCUSDT:15m:ob:simple_2c:long:2026-04-08T03:45:00+00:00:2026-04-08T04:00:00+00:00|BTCUSDT:15m:ob:simple_2c:long:2026-04-08T10:45:00+00:00:2026-04-08T11:00:00+00:00|BTCUSDT:1h:ob:simple_2c:long:2026-04-08T03:00:00+00:00:2026-04-08T04:00:00+00:00,71522.8,71638.1,71765.0,short
4,BTCUSDT,btc_up,BTCUSDT:v06-owned-m15:long:2026-04-10T18:45:00+00:00,BTCUSDT:15m:ob:simple_2c:long:2026-04-10T18:30:00+00:00:2026-04-10T18:45:00+00:00,BTCUSDT:5m:ob:simple_2c:long:2026-04-10T18:40:00+00:00:2026-04-10T18:45:00+00:00,m15_m5,at_anchor_close,2026-04-10T19:00:00+00:00,2026-04-10T19:00:00+00:00,72918.0,72921.4,72921.4,BTCUSDT:15m:pivot:high:2026-04-10T18:15:00+00:00:73146.4,73146.4,72886.29999999999,72320.2,long
4,BTCUSDT,btc_up,BTCUSDT:v06-owned-m15:long:2026-04-11T12:30:00+00:00,BTCUSDT:15m:ob:double_3c:long:2026-04-11T12:00:00+00:00:2026-04-11T12:15:00+00:00:2026-04-11T12:30:00+00:00,BTCUSDT:5m:ob:simple_2c:long:2026-04-11T12:35:00+00:00:2026-04-11T12:40:00+00:00,m15_m5,at_anchor_close,2026-04-11T12:45:00+00:00,2026-04-11T12:45:00+00:00,72835.2,72860.0,72860.0,BTCUSDT:1h:ob:simple_2c:short:2026-04-11T02:00:00+00:00:2026-04-11T03:00:00+00:00,72922.0,72761.09999999999,72721.2,long
4,BTCUSDT,btc_up,BTCUSDT:v06-owned-m15:short:2026-04-12T12:45:00+00:00,BTCUSDT:15m:ob:simple_2c:short:2026-04-12T12:30:00+00:00:2026-04-12T12:45:00+00:00,BTCUSDT:5m:ob:double_3c:short:2026-04-12T11:20:00+00:00:2026-04-12T11:25:00+00:00:2026-04-12T11:30:00+00:00,m15_m5,at_anchor_close,2026-04-12T13:00:00+00:00,2026-04-12T13:00:00+00:00,71439.6,71440.3,71439.6,BTCUSDT:4h:pivot:low:2026-04-12T00:00:00+00:00:71267.8,71267.8,71466.70000000001,71672.70000000001,short
4,BTCUSDT,btc_up,BTCUSDT:v06-owned-m15:long:2026-04-12T17:15:00+00:00,BTCUSDT:15m:ob:simple_2c:long:2026-04-12T17:00:00+00:00:2026-04-12T17:15:00+00:00,BTCUSDT:5m:ob:simple_2c:long:2026-04-12T16:15:00+00:00:2026-04-12T16:20:00+00:00,m15_m5,at_anchor_close,2026-04-12T17:30:00+00:00,2026-04-12T17:30:00+00:00,70853.4,70889.9,70889.9,BTCUSDT:15m:ob:simple_2c:short:2026-04-12T14:15:00+00:00:2026-04-12T14:30:00+00:00,70956.4,70848.5,70776.9,long
4,BTCUSDT,btc_up,BTCUSDT:v06-owned-m15:long:2026-04-13T11:00:00+00:00,BTCUSDT:15m:ob:double_3c:long:2026-04-13T10:30:00+00:00:2026-04-13T10:45:00+00:00:2026-04-13T11:00:00+00:00,BTCUSDT:5m:ob:double_3c:long:2026-04-13T10:25:00+00:00:2026-04-13T10:30:00+00:00:2026-04-13T10:35:00+00:00,m15_m5,at_anchor_close,2026-04-13T11:15:00+00:00,2026-04-13T11:15:00+00:00,70718.7,70721.3,70721.3,BTCUSDT:15m:fvg:short:2026-04-13T06:45:00+00:00:2026-04-13T07:00:00+00:00:2026-04-13T07:15:00+00:00|BTCUSDT:15m:fvg:short:2026-04-13T07:00:00+00:00:2026-04-13T07:15:00+00:00:2026-04-13T07:30:00+00:00|BTCUSDT:15m:pivot:high:2026-04-13T09:00:00+00:00:70866.8|BTCUSDT:1h:fvg:short:2026-04-13T06:00:00+00:00:2026-04-13T07:00:00+00:00:2026-04-13T08:00:00+00:00|BTCUSDT:1h:ob:double_3c:short:2026-04-13T05:00:00+00:00:2026-04-13T06:00:00+00:00:2026-04-13T07:00:00+00:00|BTCUSDT:1h:ob:simple_2c:short:2026-04-13T06:00:00+00:00:2026-04-13T07:00:00+00:00|BTCUSDT:4h:ob:simple_2c:short:2026-04-12T16:00:00+00:00:2026-04-12T20:00:00+00:00,70774.6,70649.9,70523.29999999999,long
4,BTCUSDT,btc_up,BTCUSDT:v06-owned-m15:long:2026-04-13T12:45:00+00:00,BTCUSDT:15m:ob:simple_2c:long:2026-04-13T12:30:00+00:00:2026-04-13T12:45:00+00:00,BTCUSDT:1h:ob:simple_2c:long:2026-04-12T23:00:00+00:00:2026-04-13T00:00:00+00:00,h1_m15,at_anchor_close,2026-04-13T13:00:00+00:00,2026-04-13T13:00:00+00:00,70801.9,70822.0,70822.0,BTCUSDT:4h:ob:simple_2c:short:2026-04-12T16:00:00+00:00:2026-04-12T20:00:00+00:00,70848.5,70724.2,70649.9,long
4,BTCUSDT,btc_up,BTCUSDT:v06-owned-m15:long:2026-04-13T22:00:00+00:00,BTCUSDT:15m:ob:simple_2c:long:2026-04-13T21:45:00+00:00:2026-04-13T22:00:00+00:00,BTCUSDT:5m:ob:simple_2c:long:2026-04-13T21:55:00+00:00:2026-04-13T22:00:00+00:00,m15_m5,at_anchor_close,2026-04-13T22:15:00+00:00,2026-04-13T22:15:00+00:00,73143.4,73198.1,73198.1,BTCUSDT:1h:pivot:high:2026-04-13T19:00:00+00:00:73447.3,73447.3,73129.2,72000.4,long
5,BTCUSDT,btc_range,BTCUSDT:v06-owned-m15:short:2026-06-08T23:15:00+00:00,BTCUSDT:15m:ob:simple_2c:short:2026-06-08T23:00:00+00:00:2026-06-08T23:15:00+00:00,BTCUSDT:5m:ob:simple_2c:short:2026-06-08T23:10:00+00:00:2026-06-08T23:15:00+00:00,m15_m5,at_anchor_close,2026-06-08T23:30:00+00:00,2026-06-08T23:30:00+00:00,63523.8,63557.2,63523.8,BTCUSDT:15m:fvg:long:2026-06-08T12:15:00+00:00:2026-06-08T12:30:00+00:00:2026-06-08T12:45:00+00:00|BTCUSDT:1h:ob:simple_2c:long:2026-06-08T08:00:00+00:00:2026-06-08T09:00:00+00:00|BTCUSDT:1h:ob:simple_2c:long:2026-06-08T19:00:00+00:00:2026-06-08T20:00:00+00:00,63484.4,63567.8,63840.8,short
5,BTCUSDT,btc_range,BTCUSDT:v06-owned-m15:long:2026-06-09T04:30:00+00:00,BTCUSDT:15m:ob:double_3c:long:2026-06-09T04:00:00+00:00:2026-06-09T04:15:00+00:00:2026-06-09T04:30:00+00:00,BTCUSDT:5m:ob:double_3c:long:2026-06-09T03:45:00+00:00:2026-06-09T03:50:00+00:00:2026-06-09T03:55:00+00:00,m15_m5,at_anchor_close,2026-06-09T04:45:00+00:00,2026-06-09T04:45:00+00:00,62760.2,62808.5,62808.5,BTCUSDT:1h:fvg:short:2026-06-08T23:00:00+00:00:2026-06-09T00:00:00+00:00:2026-06-09T01:00:00+00:00,62844.3,62718.4,62668.2,long
5,BTCUSDT,btc_range,BTCUSDT:v06-owned-m15:short:2026-06-09T11:00:00+00:00,BTCUSDT:15m:ob:double_3c:short:2026-06-09T10:30:00+00:00:2026-06-09T10:45:00+00:00:2026-06-09T11:00:00+00:00,BTCUSDT:5m:ob:simple_2c:short:2026-06-09T10:55:00+00:00:2026-06-09T11:00:00+00:00,m15_m5,at_anchor_close,2026-06-09T11:15:00+00:00,2026-06-09T11:15:00+00:00,62707.1,62749.0,62707.1,BTCUSDT:15m:ob:double_3c:long:2026-06-08T05:15:00+00:00:2026-06-08T05:30:00+00:00:2026-06-08T05:45:00+00:00|BTCUSDT:15m:ob:simple_2c:long:2026-06-08T05:30:00+00:00:2026-06-08T05:45:00+00:00,62694.8,62797.5,63481.9,short
5,BTCUSDT,btc_range,BTCUSDT:v06-owned-m15:short:2026-06-10T00:30:00+00:00,BTCUSDT:15m:ob:simple_2c:short:2026-06-10T00:15:00+00:00:2026-06-10T00:30:00+00:00,BTCUSDT:5m:ob:double_3c:short:2026-06-10T00:20:00+00:00:2026-06-10T00:25:00+00:00:2026-06-10T00:30:00+00:00,m15_m5,at_anchor_close,2026-06-10T00:45:00+00:00,2026-06-10T00:45:00+00:00,61808.2,61826.4,61808.2,BTCUSDT:15m:fvg:long:2026-06-09T16:45:00+00:00:2026-06-09T17:00:00+00:00:2026-06-09T17:15:00+00:00|BTCUSDT:1h:fvg:long:2026-06-09T16:00:00+00:00:2026-06-09T17:00:00+00:00:2026-06-09T18:00:00+00:00,61565.8,61851.8,61856.0,short
5,BTCUSDT,btc_range,BTCUSDT:v06-owned-m15:long:2026-06-10T00:45:00+00:00,BTCUSDT:15m:ob:double_3c:long:2026-06-10T00:15:00+00:00:2026-06-10T00:30:00+00:00:2026-06-10T00:45:00+00:00,BTCUSDT:5m:ob:simple_2c:long:2026-06-10T00:40:00+00:00:2026-06-10T00:45:00+00:00,m15_m5,at_anchor_close,2026-06-10T01:00:00+00:00,2026-06-10T01:00:00+00:00,61493.3,61552.7,61552.7,BTCUSDT:15m:fvg:short:2026-06-09T21:00:00+00:00:2026-06-09T21:15:00+00:00:2026-06-09T21:30:00+00:00|BTCUSDT:15m:pivot:high:2026-06-09T22:30:00+00:00:61956.4,61883.5,61422.9,61519.9,long
5,BTCUSDT,btc_range,BTCUSDT:v06-owned-m15:long:2026-06-11T00:00:00+00:00,BTCUSDT:15m:ob:simple_2c:long:2026-06-10T23:45:00+00:00:2026-06-11T00:00:00+00:00,BTCUSDT:5m:ob:simple_2c:long:2026-06-10T23:55:00+00:00:2026-06-11T00:00:00+00:00,m15_m5,at_anchor_close,2026-06-11T00:15:00+00:00,2026-06-11T00:15:00+00:00,61476.4,61510.4,61510.4,BTCUSDT:15m:ob:simple_2c:short:2026-06-10T21:30:00+00:00:2026-06-10T21:45:00+00:00|BTCUSDT:1h:fvg:short:2026-06-10T20:00:00+00:00:2026-06-10T21:00:00+00:00:2026-06-10T22:00:00+00:00,61543.4,61439.7,61127.3,long
5,BTCUSDT,btc_range,BTCUSDT:v06-owned-m15:short:2026-06-11T12:15:00+00:00,BTCUSDT:15m:ob:double_3c:short:2026-06-11T11:45:00+00:00:2026-06-11T12:00:00+00:00:2026-06-11T12:15:00+00:00,BTCUSDT:5m:ob:simple_2c:short:2026-06-11T11:50:00+00:00:2026-06-11T11:55:00+00:00,m15_m5,at_anchor_close,2026-06-11T12:30:00+00:00,2026-06-11T12:30:00+00:00,63112.4,63122.9,63112.4,BTCUSDT:1h:fvg:long:2026-06-11T09:00:00+00:00:2026-06-11T10:00:00+00:00:2026-06-11T11:00:00+00:00,63014.0,63225.4,63236.0,short
5,BTCUSDT,btc_range,BTCUSDT:v06-owned-m15:short:2026-06-12T05:30:00+00:00,BTCUSDT:15m:ob:simple_2c:short:2026-06-12T05:15:00+00:00:2026-06-12T05:30:00+00:00,BTCUSDT:5m:ob:simple_2c:short:2026-06-12T05:25:00+00:00:2026-06-12T05:30:00+00:00,m15_m5,at_anchor_close,2026-06-12T05:45:00+00:00,2026-06-12T05:45:00+00:00,63456.9,63460.3,63456.9,BTCUSDT:15m:fvg:long:2026-06-10T23:00:00+00:00:2026-06-10T23:15:00+00:00:2026-06-10T23:30:00+00:00|BTCUSDT:15m:fvg:long:2026-06-10T23:45:00+00:00:2026-06-11T00:00:00+00:00:2026-06-11T00:15:00+00:00|BTCUSDT:15m:fvg:long:2026-06-11T00:00:00+00:00:2026-06-11T00:15:00+00:00:2026-06-11T00:30:00+00:00|BTCUSDT:15m:fvg:long:2026-06-11T00:45:00+00:00:2026-06-11T01:00:00+00:00:2026-06-11T01:15:00+00:00|BTCUSDT:15m:fvg:long:2026-06-11T03:15:00+00:00:2026-06-11T03:30:00+00:00:2026-06-11T03:45:00+00:00|BTCUSDT:15m:fvg:long:2026-06-11T17:00:00+00:00:2026-06-11T17:15:00+00:00:2026-06-11T17:30:00+00:00|BTCUSDT:15m:fvg:long:2026-06-11T17:15:00+00:00:2026-06-11T17:30:00+00:00:2026-06-11T17:45:00+00:00|BTCUSDT:15m:ob:simple_2c:long:2026-06-10T12:15:00+00:00:2026-06-10T12:30:00+00:00|BTCUSDT:15m:ob:simple_2c:long:2026-06-10T23:00:00+00:00:2026-06-10T23:15:00+00:00|BTCUSDT:15m:ob:simple_2c:long:2026-06-10T23:45:00+00:00:2026-06-11T00:00:00+00:00|BTCUSDT:15m:ob:simple_2c:long:2026-06-11T17:00:00+00:00:2026-06-11T17:15:00+00:00|BTCUSDT:15m:ob:simple_2c:long:2026-06-11T20:30:00+00:00:2026-06-11T20:45:00+00:00|BTCUSDT:15m:pivot:low:2026-06-10T22:15:00+00:00:61069.5|BTCUSDT:15m:pivot:low:2026-06-10T23:15:00+00:00:61127.4|BTCUSDT:15m:pivot:low:2026-06-11T02:30:00+00:00:61914.6|BTCUSDT:15m:pivot:low:2026-06-11T17:15:00+00:00:62315|BTCUSDT:15m:pivot:low:2026-06-11T20:45:00+00:00:63239.8|BTCUSDT:15m:pivot:low:2026-06-12T01:15:00+00:00:63258|BTCUSDT:1h:fvg:long:2026-06-10T23:00:00+00:00:2026-06-11T00:00:00+00:00:2026-06-11T01:00:00+00:00|BTCUSDT:1h:fvg:long:2026-06-11T02:00:00+00:00:2026-06-11T03:00:00+00:00:2026-06-11T04:00:00+00:00|BTCUSDT:1h:fvg:long:2026-06-11T16:00:00+00:00:2026-06-11T17:00:00+00:00:2026-06-11T18:00:00+00:00|BTCUSDT:1h:ob:double_3c:long:2026-06-10T10:00:00+00:00:2026-06-10T11:00:00+00:00:2026-06-10T12:00:00+00:00|BTCUSDT:1h:ob:double_3c:long:2026-06-11T15:00:00+00:00:2026-06-11T16:00:00+00:00:2026-06-11T17:00:00+00:00|BTCUSDT:1h:ob:simple_2c:long:2026-06-10T11:00:00+00:00:2026-06-10T12:00:00+00:00|BTCUSDT:1h:ob:simple_2c:long:2026-06-11T02:00:00+00:00:2026-06-11T03:00:00+00:00|BTCUSDT:1h:ob:simple_2c:long:2026-06-11T16:00:00+00:00:2026-06-11T17:00:00+00:00|BTCUSDT:1h:pivot:low:2026-06-10T22:00:00+00:00:61069.5|BTCUSDT:1h:pivot:low:2026-06-11T17:00:00+00:00:62315|BTCUSDT:1h:pivot:low:2026-06-11T20:00:00+00:00:63239.8|BTCUSDT:1h:pivot:low:2026-06-12T01:00:00+00:00:63258|BTCUSDT:4h:fvg:long:2026-06-10T20:00:00+00:00:2026-06-11T00:00:00+00:00:2026-06-11T04:00:00+00:00|BTCUSDT:4h:fvg:long:2026-06-11T12:00:00+00:00:2026-06-11T16:00:00+00:00:2026-06-11T20:00:00+00:00|BTCUSDT:4h:ob:double_3c:long:2026-06-10T04:00:00+00:00:2026-06-10T08:00:00+00:00:2026-06-10T12:00:00+00:00|BTCUSDT:4h:ob:simple_2c:long:2026-06-10T08:00:00+00:00:2026-06-10T12:00:00+00:00|BTCUSDT:4h:ob:simple_2c:long:2026-06-10T20:00:00+00:00:2026-06-11T00:00:00+00:00|BTCUSDT:4h:ob:simple_2c:long:2026-06-11T12:00:00+00:00:2026-06-11T16:00:00+00:00|BTCUSDT:4h:pivot:low:2026-06-11T16:00:00+00:00:62315,63352.5,63499.4,63849.7,short
5,BTCUSDT,btc_range,BTCUSDT:v06-owned-m15:short:2026-06-12T18:45:00+00:00,BTCUSDT:15m:ob:double_3c:short:2026-06-12T18:15:00+00:00:2026-06-12T18:30:00+00:00:2026-06-12T18:45:00+00:00,BTCUSDT:5m:ob:simple_2c:short:2026-06-12T18:40:00+00:00:2026-06-12T18:45:00+00:00,m15_m5,at_anchor_close,2026-06-12T19:00:00+00:00,2026-06-12T19:00:00+00:00,63805.8,63834.1,63805.8,BTCUSDT:15m:pivot:low:2026-06-12T18:15:00+00:00:63640.6,63640.6,63885.1,63906.5,short
5,BTCUSDT,btc_range,BTCUSDT:v06-owned-m15:short:2026-06-12T19:30:00+00:00,BTCUSDT:15m:ob:simple_2c:short:2026-06-12T19:15:00+00:00:2026-06-12T19:30:00+00:00,BTCUSDT:5m:ob:simple_2c:short:2026-06-12T19:35:00+00:00:2026-06-12T19:40:00+00:00,m15_m5,at_anchor_close,2026-06-12T19:45:00+00:00,2026-06-12T19:45:00+00:00,63677.1,63678.3,63677.1,BTCUSDT:15m:fvg:long:2026-06-10T23:00:00+00:00:2026-06-10T23:15:00+00:00:2026-06-10T23:30:00+00:00|BTCUSDT:15m:fvg:long:2026-06-10T23:45:00+00:00:2026-06-11T00:00:00+00:00:2026-06-11T00:15:00+00:00|BTCUSDT:15m:fvg:long:2026-06-11T00:00:00+00:00:2026-06-11T00:15:00+00:00:2026-06-11T00:30:00+00:00|BTCUSDT:15m:fvg:long:2026-06-11T00:45:00+00:00:2026-06-11T01:00:00+00:00:2026-06-11T01:15:00+00:00|BTCUSDT:15m:fvg:long:2026-06-11T03:15:00+00:00:2026-06-11T03:30:00+00:00:2026-06-11T03:45:00+00:00|BTCUSDT:15m:fvg:long:2026-06-11T17:00:00+00:00:2026-06-11T17:15:00+00:00:2026-06-11T17:30:00+00:00|BTCUSDT:15m:fvg:long:2026-06-12T13:45:00+00:00:2026-06-12T14:00:00+00:00:2026-06-12T14:15:00+00:00|BTCUSDT:15m:ob:simple_2c:long:2026-06-10T12:15:00+00:00:2026-06-10T12:30:00+00:00|BTCUSDT:15m:ob:simple_2c:long:2026-06-10T23:00:00+00:00:2026-06-10T23:15:00+00:00|BTCUSDT:15m:ob:simple_2c:long:2026-06-10T23:45:00+00:00:2026-06-11T00:00:00+00:00|BTCUSDT:15m:ob:simple_2c:long:2026-06-11T17:00:00+00:00:2026-06-11T17:15:00+00:00|BTCUSDT:15m:ob:simple_2c:long:2026-06-12T07:00:00+00:00:2026-06-12T07:15:00+00:00|BTCUSDT:15m:ob:simple_2c:long:2026-06-12T14:30:00+00:00:2026-06-12T14:45:00+00:00|BTCUSDT:15m:pivot:low:2026-06-10T22:15:00+00:00:61069.5|BTCUSDT:15m:pivot:low:2026-06-10T23:15:00+00:00:61127.4|BTCUSDT:15m:pivot:low:2026-06-11T02:30:00+00:00:61914.6|BTCUSDT:15m:pivot:low:2026-06-11T17:15:00+00:00:62315|BTCUSDT:15m:pivot:low:2026-06-12T06:30:00+00:00:62810|BTCUSDT:15m:pivot:low:2026-06-12T13:30:00+00:00:63010.1|BTCUSDT:15m:pivot:low:2026-06-12T16:00:00+00:00:63477.3|BTCUSDT:1h:fvg:long:2026-06-10T23:00:00+00:00:2026-06-11T00:00:00+00:00:2026-06-11T01:00:00+00:00|BTCUSDT:1h:fvg:long:2026-06-11T02:00:00+00:00:2026-06-11T03:00:00+00:00:2026-06-11T04:00:00+00:00|BTCUSDT:1h:fvg:long:2026-06-11T16:00:00+00:00:2026-06-11T17:00:00+00:00:2026-06-11T18:00:00+00:00|BTCUSDT:1h:fvg:long:2026-06-12T07:00:00+00:00:2026-06-12T08:00:00+00:00:2026-06-12T09:00:00+00:00|BTCUSDT:1h:fvg:long:2026-06-12T13:00:00+00:00:2026-06-12T14:00:00+00:00:2026-06-12T15:00:00+00:00|BTCUSDT:1h:ob:double_3c:long:2026-06-10T10:00:00+00:00:2026-06-10T11:00:00+00:00:2026-06-10T12:00:00+00:00|BTCUSDT:1h:ob:double_3c:long:2026-06-11T15:00:00+00:00:2026-06-11T16:00:00+00:00:2026-06-11T17:00:00+00:00|BTCUSDT:1h:ob:simple_2c:long:2026-06-10T11:00:00+00:00:2026-06-10T12:00:00+00:00|BTCUSDT:1h:ob:simple_2c:long:2026-06-11T02:00:00+00:00:2026-06-11T03:00:00+00:00|BTCUSDT:1h:ob:simple_2c:long:2026-06-11T16:00:00+00:00:2026-06-11T17:00:00+00:00|BTCUSDT:1h:ob:simple_2c:long:2026-06-12T13:00:00+00:00:2026-06-12T14:00:00+00:00|BTCUSDT:1h:pivot:low:2026-06-10T22:00:00+00:00:61069.5|BTCUSDT:1h:pivot:low:2026-06-11T17:00:00+00:00:62315|BTCUSDT:1h:pivot:low:2026-06-12T06:00:00+00:00:62810|BTCUSDT:1h:pivot:low:2026-06-12T13:00:00+00:00:63010.1|BTCUSDT:4h:fvg:long:2026-06-10T20:00:00+00:00:2026-06-11T00:00:00+00:00:2026-06-11T04:00:00+00:00|BTCUSDT:4h:ob:double_3c:long:2026-06-10T04:00:00+00:00:2026-06-10T08:00:00+00:00:2026-06-10T12:00:00+00:00|BTCUSDT:4h:ob:simple_2c:long:2026-06-10T08:00:00+00:00:2026-06-10T12:00:00+00:00|BTCUSDT:4h:ob:simple_2c:long:2026-06-10T20:00:00+00:00:2026-06-11T00:00:00+00:00|BTCUSDT:4h:ob:simple_2c:long:2026-06-11T12:00:00+00:00:2026-06-11T16:00:00+00:00|BTCUSDT:4h:ob:simple_2c:long:2026-06-12T04:00:00+00:00:2026-06-12T08:00:00+00:00|BTCUSDT:4h:pivot:low:2026-06-11T16:00:00+00:00:62315|BTCUSDT:4h:pivot:low:2026-06-12T04:00:00+00:00:62810,63604.3,63791.9,63906.5,short
5,BTCUSDT,btc_range,BTCUSDT:v06-owned-m15:short:2026-06-13T09:45:00+00:00,BTCUSDT:15m:ob:simple_2c:short:2026-06-13T09:30:00+00:00:2026-06-13T09:45:00+00:00,BTCUSDT:5m:ob:simple_2c:short:2026-06-13T09:40:00+00:00:2026-06-13T09:45:00+00:00,m15_m5,at_anchor_close,2026-06-13T10:00:00+00:00,2026-06-13T10:00:00+00:00,63783.0,63785.0,63783.0,BTCUSDT:15m:ob:simple_2c:long:2026-06-13T07:00:00+00:00:2026-06-13T07:15:00+00:00,63700.8,63800.1,63888.1,short
5,BTCUSDT,btc_range,BTCUSDT:v06-owned-m15:long:2026-06-13T11:00:00+00:00,BTCUSDT:15m:ob:simple_2c:long:2026-06-13T10:45:00+00:00:2026-06-13T11:00:00+00:00,BTCUSDT:5m:ob:simple_2c:long:2026-06-13T10:55:00+00:00:2026-06-13T11:00:00+00:00,m15_m5,at_anchor_close,2026-06-13T11:15:00+00:00,2026-06-13T11:15:00+00:00,63812.9,63814.9,63814.9,BTCUSDT:15m:fvg:short:2026-06-12T15:15:00+00:00:2026-06-12T15:30:00+00:00:2026-06-12T15:45:00+00:00|BTCUSDT:15m:pivot:high:2026-06-12T17:00:00+00:00:64080.8,63912.9,63768.4,63694.5,long
5,BTCUSDT,btc_range,BTCUSDT:v06-owned-m15:short:2026-06-17T01:15:00+00:00,BTCUSDT:15m:ob:simple_2c:short:2026-06-17T01:00:00+00:00:2026-06-17T01:15:00+00:00,BTCUSDT:5m:ob:double_3c:short:2026-06-17T01:05:00+00:00:2026-06-17T01:10:00+00:00:2026-06-17T01:15:00+00:00,m15_m5,at_anchor_close,2026-06-17T01:30:00+00:00,2026-06-17T01:30:00+00:00,65763.0,65769.5,65763.0,BTCUSDT:1h:ob:simple_2c:long:2026-06-15T09:00:00+00:00:2026-06-15T10:00:00+00:00,65627.1,65800.1,65810.20000000001,short
5,BTCUSDT,btc_range,BTCUSDT:v06-owned-m15:short:2026-06-19T03:00:00+00:00,BTCUSDT:15m:ob:double_3c:short:2026-06-19T02:30:00+00:00:2026-06-19T02:45:00+00:00:2026-06-19T03:00:00+00:00,BTCUSDT:5m:ob:simple_2c:short:2026-06-19T02:55:00+00:00:2026-06-19T03:00:00+00:00,m15_m5,at_anchor_close,2026-06-19T03:15:00+00:00,2026-06-19T03:15:00+00:00,62951.9,62970.4,62951.9,BTCUSDT:15m:fvg:long:2026-06-18T19:00:00+00:00:2026-06-18T19:15:00+00:00:2026-06-18T19:30:00+00:00|BTCUSDT:1h:pivot:low:2026-06-18T22:00:00+00:00:62703.9,62729.2,63000.1,63076.7,short
