arm,window_index,symbol,environment,scene_family,subtype,delivery_kind,stop_owner,entry_zone_source,authority_id,location_id,side,created_at,entry_time,closed_at,entry_price,initial_stop,initial_target,stop_distance,target_distance,target_r,mfe_r,partial_1r,final_reason,risk_budget,net_r,net_pnl,equity_before,equity_after,sweep_to_delivery_minutes,delivery_to_entry_minutes
A_V03_FIRST_REVISIT_LOCKED,0,ETHUSDT,eth_transition,a1_b1_confluence,sweep_reclaim,,,,confluence:ETHUSDT:1h:pivot:high:2025-01-09T09:00:00+00:00:3327.45|m15-m5-delivery:ETHUSDT:15m:sweep_reclaim:short:ETHUSDT:1h:pivot:high:2025-01-09T09:00:00+00:00:3327.45:2025-01-09T15:45:00+00:00|ETHUSDT:5m:pivot:low:2025-01-09T21:30:00+00:00:3206.88|ETHUSDT:5m:ob:simple_2c:short:2025-01-09T21:50:00+00:00:2025-01-09T21:55:00+00:00,ETHUSDT:1h:pivot:high:2025-01-09T09:00:00+00:00:3327.45,short,2025-01-09T22:00:00+00:00,2025-01-09T22:05:00+00:00,2025-01-09T22:10:00+00:00,3206.68,3335.01,3203.77,128.33000000000038,2.9099999999998545,0.022675913660093867,0.163796462245772,False,initial_target,300.0,0.01236126326666556,3.708378979999668,10000.0,10003.70837898,,
A_V03_FIRST_REVISIT_LOCKED,0,ETHUSDT,eth_transition,a1_b1_confluence,break_retest,,,,confluence:ETHUSDT:1h:pivot:low:2025-01-12T01:00:00+00:00:3272.61|m15-m5-delivery:ETHUSDT:15m:break_retest:short:ETHUSDT:1h:pivot:low:2025-01-12T01:00:00+00:00:3272.61:2025-01-12T06:15:00+00:00:2025-01-12T06:30:00+00:00|ETHUSDT:5m:pivot:low:2025-01-12T14:25:00+00:00:3268.6|ETHUSDT:5m:ob:simple_2c:short:2025-01-12T14:50:00+00:00:2025-01-12T14:55:00+00:00,ETHUSDT:1h:pivot:low:2025-01-12T01:00:00+00:00:3272.61,short,2025-01-12T15:00:00+00:00,2025-01-12T15:05:00+00:00,2025-01-12T15:20:00+00:00,3268.14,3273.4900000000002,3263.7,5.350000000000364,4.440000000000055,0.8299065420560285,0.8149532710279208,False,initial_stop,300.1112513694,-0.9999904234717457,-300.10837734552183,10003.70837898,9703.600001634479,,
B_V04_PREEXISTING_VALID_EPISODE_LOCKED,0,ETHUSDT,eth_transition,preexisting_ob_structure_first_retest,,,,,structure-first-retest:ETHUSDT:15m:ob:simple_2c:short:2025-01-02T17:00:00+00:00:2025-01-02T17:15:00+00:00|ETHUSDT:5m:pivot:low:2025-01-02T23:45:00+00:00:3446.74|2025-01-03T00:15:00+00:00,ETHUSDT:15m:ob:simple_2c:short:2025-01-02T17:00:00+00:00:2025-01-02T17:15:00+00:00,short,2025-01-03T00:20:00+00:00,2025-01-03T02:10:00+00:00,2025-01-03T03:55:00+00:00,3468.67,3478.2000000000003,3419.65,9.5300000000002,49.01999999999998,5.143756558237036,1.5225603357817328,True,initial_stop,300.0,0.1797283138919663,53.91849416758989,10000.0,10053.91849416759,,
B_V04_PREEXISTING_VALID_EPISODE_LOCKED,0,ETHUSDT,eth_transition,preexisting_ob_structure_first_retest,,,,,structure-first-retest:ETHUSDT:15m:ob:simple_2c:long:2025-01-04T19:30:00+00:00:2025-01-04T19:45:00+00:00|ETHUSDT:5m:pivot:high:2025-01-05T03:35:00+00:00:3636.83|2025-01-05T03:55:00+00:00,ETHUSDT:15m:ob:simple_2c:long:2025-01-04T19:30:00+00:00:2025-01-04T19:45:00+00:00,long,2025-01-05T04:00:00+00:00,2025-01-05T06:05:00+00:00,2025-01-05T06:35:00+00:00,3629.89,3626.39,3675.4,3.5,45.51000000000022,13.002857142857206,2.4742857142858026,True,volume_spike,301.6175548250277,0.3670991382204859,110.72354444843782,10053.91849416759,10164.642038616028,,
B_V04_PREEXISTING_VALID_EPISODE_LOCKED,0,ETHUSDT,eth_transition,preexisting_ob_structure_first_retest,,,,,structure-first-retest:ETHUSDT:15m:ob:double_3c:short:2025-01-09T18:45:00+00:00:2025-01-09T19:00:00+00:00:2025-01-09T19:15:00+00:00|ETHUSDT:5m:pivot:low:2025-01-10T04:05:00+00:00:3248.26|2025-01-10T04:25:00+00:00,ETHUSDT:15m:ob:double_3c:short:2025-01-09T18:45:00+00:00:2025-01-09T19:00:00+00:00:2025-01-09T19:15:00+00:00,short,2025-01-10T04:30:00+00:00,2025-01-10T05:40:00+00:00,2025-01-10T05:40:00+00:00,3258.77,3267.3100000000004,3155.5,8.540000000000418,103.26999999999998,12.092505854800342,0.0,False,initial_stop,304.9392611584808,-0.9999926538207353,-304.9370210200035,10164.642038616028,9859.705017596025,,
C_V05_M15_SWEEP_DELIVERY_FIRST_REVISIT,0,ETHUSDT,eth_transition,m15_ob_m5_liquidity_delivery_first_retest,fvg,fvg,m15_event,fvg_wick_gap,v05-liquidity-delivery:ETHUSDT:15m:ob:simple_2c:short:2025-01-02T17:00:00+00:00:2025-01-02T17:15:00+00:00|ETHUSDT:5m:m15-location-sweep:short:ETHUSDT:15m:pivot:high:2025-01-02T20:15:00+00:00:3474.76:2025-01-03T02:15:00+00:00|ETHUSDT:5m:delivery:2025-01-03T04:20:00+00:00|fvg,ETHUSDT:15m:ob:simple_2c:short:2025-01-02T17:00:00+00:00:2025-01-02T17:15:00+00:00,short,2025-01-03T04:30:00+00:00,2025-01-03T04:35:00+00:00,2025-01-03T05:05:00+00:00,3460.97,3476.34,3441.36,15.370000000000346,19.609999999999673,1.2758620689654672,0.8627195836043894,False,volume_spike,300.0,0.3027954167405884,90.83862502217652,10000.0,10090.838625022176,130.0,5.0
C_V05_M15_SWEEP_DELIVERY_FIRST_REVISIT,0,ETHUSDT,eth_transition,m15_ob_m5_liquidity_delivery_first_retest,fvg,fvg,m15_event,fvg_wick_gap,v05-liquidity-delivery:ETHUSDT:15m:ob:simple_2c:long:2025-01-04T19:30:00+00:00:2025-01-04T19:45:00+00:00|ETHUSDT:5m:m15-location-sweep:long:ETHUSDT:15m:pivot:low:2025-01-05T01:45:00+00:00:3629.52:2025-01-05T03:45:00+00:00|ETHUSDT:5m:delivery:2025-01-05T03:55:00+00:00|fvg,ETHUSDT:15m:ob:simple_2c:long:2025-01-04T19:30:00+00:00:2025-01-04T19:45:00+00:00,long,2025-01-05T04:05:00+00:00,2025-01-05T04:20:00+00:00,2025-01-05T04:25:00+00:00,3637.03,3628.14,3644.61,8.890000000000327,7.579999999999927,0.8526434195725139,1.3082114735657173,False,initial_target,302.72515875066523,0.48912482058339285,148.07038895999824,10090.838625022176,10238.909013982175,15.0,15.0
C_V05_M15_SWEEP_DELIVERY_FIRST_REVISIT,0,ETHUSDT,eth_transition,m15_ob_m5_liquidity_delivery_first_retest,fvg,fvg,m15_event,fvg_wick_gap,v05-liquidity-delivery:ETHUSDT:15m:ob:double_3c:short:2025-01-09T18:45:00+00:00:2025-01-09T19:00:00+00:00:2025-01-09T19:15:00+00:00|ETHUSDT:5m:m15-location-sweep:short:ETHUSDT:15m:pivot:high:2025-01-10T02:30:00+00:00:3260.52:2025-01-10T04:10:00+00:00|ETHUSDT:5m:delivery:2025-01-10T04:25:00+00:00|fvg,ETHUSDT:15m:ob:double_3c:short:2025-01-09T18:45:00+00:00:2025-01-09T19:00:00+00:00:2025-01-09T19:15:00+00:00,short,2025-01-10T04:35:00+00:00,2025-01-10T04:40:00+00:00,2025-01-10T05:20:00+00:00,3250.88,3264.53,3211.87,13.650000000000091,39.01000000000022,2.857875457875455,0.6,False,volume_spike,307.16727041946524,0.1781945101333333,54.73552128138973,10238.909013982175,10293.644535263564,20.0,5.0
D_V03_PLUS_V05_SINGLE_SLOT,0,ETHUSDT,eth_transition,m15_ob_m5_liquidity_delivery_first_retest,fvg,fvg,m15_event,fvg_wick_gap,v05-liquidity-delivery:ETHUSDT:15m:ob:simple_2c:short:2025-01-02T17:00:00+00:00:2025-01-02T17:15:00+00:00|ETHUSDT:5m:m15-location-sweep:short:ETHUSDT:15m:pivot:high:2025-01-02T20:15:00+00:00:3474.76:2025-01-03T02:15:00+00:00|ETHUSDT:5m:delivery:2025-01-03T04:20:00+00:00|fvg,ETHUSDT:15m:ob:simple_2c:short:2025-01-02T17:00:00+00:00:2025-01-02T17:15:00+00:00,short,2025-01-03T04:30:00+00:00,2025-01-03T04:35:00+00:00,2025-01-03T05:05:00+00:00,3460.97,3476.34,3441.36,15.370000000000346,19.609999999999673,1.2758620689654672,0.8627195836043894,False,volume_spike,300.0,0.3027954167405884,90.83862502217652,10000.0,10090.838625022176,130.0,5.0
D_V03_PLUS_V05_SINGLE_SLOT,0,ETHUSDT,eth_transition,m15_ob_m5_liquidity_delivery_first_retest,fvg,fvg,m15_event,fvg_wick_gap,v05-liquidity-delivery:ETHUSDT:15m:ob:simple_2c:long:2025-01-04T19:30:00+00:00:2025-01-04T19:45:00+00:00|ETHUSDT:5m:m15-location-sweep:long:ETHUSDT:15m:pivot:low:2025-01-05T01:45:00+00:00:3629.52:2025-01-05T03:45:00+00:00|ETHUSDT:5m:delivery:2025-01-05T03:55:00+00:00|fvg,ETHUSDT:15m:ob:simple_2c:long:2025-01-04T19:30:00+00:00:2025-01-04T19:45:00+00:00,long,2025-01-05T04:05:00+00:00,2025-01-05T04:20:00+00:00,2025-01-05T04:25:00+00:00,3637.03,3628.14,3644.61,8.890000000000327,7.579999999999927,0.8526434195725139,1.3082114735657173,False,initial_target,302.72515875066523,0.48912482058339285,148.07038895999824,10090.838625022176,10238.909013982175,15.0,15.0
D_V03_PLUS_V05_SINGLE_SLOT,0,ETHUSDT,eth_transition,a1_b1_confluence,sweep_reclaim,,,,confluence:ETHUSDT:1h:pivot:high:2025-01-09T09:00:00+00:00:3327.45|m15-m5-delivery:ETHUSDT:15m:sweep_reclaim:short:ETHUSDT:1h:pivot:high:2025-01-09T09:00:00+00:00:3327.45:2025-01-09T15:45:00+00:00|ETHUSDT:5m:pivot:low:2025-01-09T21:30:00+00:00:3206.88|ETHUSDT:5m:ob:simple_2c:short:2025-01-09T21:50:00+00:00:2025-01-09T21:55:00+00:00,ETHUSDT:1h:pivot:high:2025-01-09T09:00:00+00:00:3327.45,short,2025-01-09T22:00:00+00:00,2025-01-09T22:05:00+00:00,2025-01-09T22:10:00+00:00,3206.68,3335.01,3203.77,128.33000000000038,2.9099999999998545,0.022675913660093867,0.163796462245772,False,initial_target,307.16727041946524,0.01236431871407803,3.797914029999661,10238.909013982175,10242.706928012174,,
D_V03_PLUS_V05_SINGLE_SLOT,0,ETHUSDT,eth_transition,m15_ob_m5_liquidity_delivery_first_retest,fvg,fvg,m15_event,fvg_wick_gap,v05-liquidity-delivery:ETHUSDT:15m:ob:double_3c:short:2025-01-09T18:45:00+00:00:2025-01-09T19:00:00+00:00:2025-01-09T19:15:00+00:00|ETHUSDT:5m:m15-location-sweep:short:ETHUSDT:15m:pivot:high:2025-01-10T02:30:00+00:00:3260.52:2025-01-10T04:10:00+00:00|ETHUSDT:5m:delivery:2025-01-10T04:25:00+00:00|fvg,ETHUSDT:15m:ob:double_3c:short:2025-01-09T18:45:00+00:00:2025-01-09T19:00:00+00:00:2025-01-09T19:15:00+00:00,short,2025-01-10T04:35:00+00:00,2025-01-10T04:40:00+00:00,2025-01-10T05:20:00+00:00,3250.88,3264.53,3211.87,13.650000000000091,39.01000000000022,2.857875457875455,0.6,False,volume_spike,307.2812078403652,0.17819709131173225,54.75661745190894,10242.706928012174,10297.463545464083,20.0,5.0
D_V03_PLUS_V05_SINGLE_SLOT,0,ETHUSDT,eth_transition,a1_b1_confluence,break_retest,,,,confluence:ETHUSDT:1h:pivot:low:2025-01-12T01:00:00+00:00:3272.61|m15-m5-delivery:ETHUSDT:15m:break_retest:short:ETHUSDT:1h:pivot:low:2025-01-12T01:00:00+00:00:3272.61:2025-01-12T06:15:00+00:00:2025-01-12T06:30:00+00:00|ETHUSDT:5m:pivot:low:2025-01-12T14:25:00+00:00:3268.6|ETHUSDT:5m:ob:simple_2c:short:2025-01-12T14:50:00+00:00:2025-01-12T14:55:00+00:00,ETHUSDT:1h:pivot:low:2025-01-12T01:00:00+00:00:3272.61,short,2025-01-12T15:00:00+00:00,2025-01-12T15:05:00+00:00,2025-01-12T15:20:00+00:00,3268.14,3273.4900000000002,3263.7,5.350000000000364,4.440000000000055,0.8299065420560285,0.8149532710279208,False,initial_stop,308.92390636392247,-0.9999902425240496,-308.9208920463356,10297.463545464083,9988.542653417748,,
E_V03_BREAK_RETEST_PLUS_V05_SINGLE_SLOT,0,ETHUSDT,eth_transition,m15_ob_m5_liquidity_delivery_first_retest,fvg,fvg,m15_event,fvg_wick_gap,v05-liquidity-delivery:ETHUSDT:15m:ob:simple_2c:short:2025-01-02T17:00:00+00:00:2025-01-02T17:15:00+00:00|ETHUSDT:5m:m15-location-sweep:short:ETHUSDT:15m:pivot:high:2025-01-02T20:15:00+00:00:3474.76:2025-01-03T02:15:00+00:00|ETHUSDT:5m:delivery:2025-01-03T04:20:00+00:00|fvg,ETHUSDT:15m:ob:simple_2c:short:2025-01-02T17:00:00+00:00:2025-01-02T17:15:00+00:00,short,2025-01-03T04:30:00+00:00,2025-01-03T04:35:00+00:00,2025-01-03T05:05:00+00:00,3460.97,3476.34,3441.36,15.370000000000346,19.609999999999673,1.2758620689654672,0.8627195836043894,False,volume_spike,300.0,0.3027954167405884,90.83862502217652,10000.0,10090.838625022176,130.0,5.0
E_V03_BREAK_RETEST_PLUS_V05_SINGLE_SLOT,0,ETHUSDT,eth_transition,m15_ob_m5_liquidity_delivery_first_retest,fvg,fvg,m15_event,fvg_wick_gap,v05-liquidity-delivery:ETHUSDT:15m:ob:simple_2c:long:2025-01-04T19:30:00+00:00:2025-01-04T19:45:00+00:00|ETHUSDT:5m:m15-location-sweep:long:ETHUSDT:15m:pivot:low:2025-01-05T01:45:00+00:00:3629.52:2025-01-05T03:45:00+00:00|ETHUSDT:5m:delivery:2025-01-05T03:55:00+00:00|fvg,ETHUSDT:15m:ob:simple_2c:long:2025-01-04T19:30:00+00:00:2025-01-04T19:45:00+00:00,long,2025-01-05T04:05:00+00:00,2025-01-05T04:20:00+00:00,2025-01-05T04:25:00+00:00,3637.03,3628.14,3644.61,8.890000000000327,7.579999999999927,0.8526434195725139,1.3082114735657173,False,initial_target,302.72515875066523,0.48912482058339285,148.07038895999824,10090.838625022176,10238.909013982175,15.0,15.0
E_V03_BREAK_RETEST_PLUS_V05_SINGLE_SLOT,0,ETHUSDT,eth_transition,m15_ob_m5_liquidity_delivery_first_retest,fvg,fvg,m15_event,fvg_wick_gap,v05-liquidity-delivery:ETHUSDT:15m:ob:double_3c:short:2025-01-09T18:45:00+00:00:2025-01-09T19:00:00+00:00:2025-01-09T19:15:00+00:00|ETHUSDT:5m:m15-location-sweep:short:ETHUSDT:15m:pivot:high:2025-01-10T02:30:00+00:00:3260.52:2025-01-10T04:10:00+00:00|ETHUSDT:5m:delivery:2025-01-10T04:25:00+00:00|fvg,ETHUSDT:15m:ob:double_3c:short:2025-01-09T18:45:00+00:00:2025-01-09T19:00:00+00:00:2025-01-09T19:15:00+00:00,short,2025-01-10T04:35:00+00:00,2025-01-10T04:40:00+00:00,2025-01-10T05:20:00+00:00,3250.88,3264.53,3211.87,13.650000000000091,39.01000000000022,2.857875457875455,0.6,False,volume_spike,307.16727041946524,0.1781945101333333,54.73552128138973,10238.909013982175,10293.644535263564,20.0,5.0
E_V03_BREAK_RETEST_PLUS_V05_SINGLE_SLOT,0,ETHUSDT,eth_transition,a1_b1_confluence,break_retest,,,,confluence:ETHUSDT:1h:pivot:low:2025-01-12T01:00:00+00:00:3272.61|m15-m5-delivery:ETHUSDT:15m:break_retest:short:ETHUSDT:1h:pivot:low:2025-01-12T01:00:00+00:00:3272.61:2025-01-12T06:15:00+00:00:2025-01-12T06:30:00+00:00|ETHUSDT:5m:pivot:low:2025-01-12T14:25:00+00:00:3268.6|ETHUSDT:5m:ob:simple_2c:short:2025-01-12T14:50:00+00:00:2025-01-12T14:55:00+00:00,ETHUSDT:1h:pivot:low:2025-01-12T01:00:00+00:00:3272.61,short,2025-01-12T15:00:00+00:00,2025-01-12T15:05:00+00:00,2025-01-12T15:20:00+00:00,3268.14,3273.4900000000002,3263.7,5.350000000000364,4.440000000000055,0.8299065420560285,0.8149532710279208,False,initial_stop,308.8093360579069,-0.9999982494758008,-308.8087954796912,10293.644535263564,9984.835739783872,,
A_V03_FIRST_REVISIT_LOCKED,1,ETHUSDT,eth_up,a1_b1_confluence,sweep_reclaim,,,,confluence:ETHUSDT:1h:ob:simple_2c:long:2025-07-11T07:00:00+00:00:2025-07-11T08:00:00+00:00|m15-m5-delivery:ETHUSDT:15m:sweep_reclaim:long:ETHUSDT:1h:pivot:low:2025-07-11T11:00:00+00:00:2968.48:2025-07-11T15:00:00+00:00|ETHUSDT:5m:pivot:high:2025-07-11T15:20:00+00:00:2988.11|ETHUSDT:5m:ob:simple_2c:long:2025-07-11T15:30:00+00:00:2025-07-11T15:35:00+00:00,ETHUSDT:1h:ob:simple_2c:long:2025-07-11T07:00:00+00:00:2025-07-11T08:00:00+00:00,long,2025-07-11T15:40:00+00:00,2025-07-11T15:45:00+00:00,2025-07-11T15:55:00+00:00,2984.34,2965.7999999999997,2995.53,18.54000000000042,11.190000000000055,0.6035598705501511,0.11165048543687499,False,initial_stop,300.0,-0.9999604813149746,-299.9881443944924,10000.0,9700.011855605508,,
A_V03_FIRST_REVISIT_LOCKED,1,ETHUSDT,eth_up,a1_b1_confluence,break_retest,,,,confluence:ETHUSDT:15m:ob:simple_2c:long:2025-07-20T02:15:00+00:00:2025-07-20T02:30:00+00:00|m15-m5-delivery:ETHUSDT:15m:break_retest:long:ETHUSDT:1h:pivot:high:2025-07-19T04:00:00+00:00:3609.1:2025-07-20T02:30:00+00:00:2025-07-20T03:15:00+00:00|ETHUSDT:5m:pivot:high:2025-07-20T05:55:00+00:00:3653.25|ETHUSDT:5m:ob:simple_2c:long:2025-07-20T06:35:00+00:00:2025-07-20T06:40:00+00:00,ETHUSDT:15m:ob:simple_2c:long:2025-07-20T02:15:00+00:00:2025-07-20T02:30:00+00:00,long,2025-07-20T06:45:00+00:00,2025-07-20T07:00:00+00:00,2025-07-20T07:20:00+00:00,3651.5,3607.75,3662.64,43.75,11.139999999999873,0.25462857142856854,0.41920000000000335,False,initial_target,291.00035566816524,0.2042845186890009,59.446867595999215,9700.011855605508,9759.458723201507,,
A_V03_FIRST_REVISIT_LOCKED,1,ETHUSDT,eth_up,a1_b1_confluence,break_retest,,,,confluence:ETHUSDT:1h:pivot:high:2025-07-20T03:00:00+00:00:3695|m15-m5-delivery:ETHUSDT:15m:break_retest:long:ETHUSDT:1h:pivot:high:2025-07-20T03:00:00+00:00:3695:2025-07-20T08:30:00+00:00:2025-07-20T09:15:00+00:00|ETHUSDT:5m:pivot:high:2025-07-20T14:35:00+00:00:3752.91|ETHUSDT:5m:ob:simple_2c:long:2025-07-20T14:50:00+00:00:2025-07-20T14:55:00+00:00,ETHUSDT:1h:pivot:high:2025-07-20T03:00:00+00:00:3695,long,2025-07-20T15:00:00+00:00,2025-07-20T15:25:00+00:00,2025-07-20T15:35:00+00:00,3748.95,3694.3399999999997,3771.37,54.61000000000013,22.420000000000073,0.4105475187694565,0.6229628273210017,False,initial_target,292.7837616960452,0.3586196109776215,104.99799872000037,9759.458723201507,9864.456721921508,,
B_V04_PREEXISTING_VALID_EPISODE_LOCKED,1,ETHUSDT,eth_up,preexisting_ob_structure_first_retest,,,,,structure-first-retest:ETHUSDT:15m:ob:simple_2c:short:2025-07-13T14:15:00+00:00:2025-07-13T14:30:00+00:00|ETHUSDT:5m:pivot:low:2025-07-14T00:05:00+00:00:2966.02|2025-07-14T01:25:00+00:00,ETHUSDT:15m:ob:simple_2c:short:2025-07-13T14:15:00+00:00:2025-07-13T14:30:00+00:00,short,2025-07-14T01:30:00+00:00,2025-07-14T02:25:00+00:00,2025-07-14T03:35:00+00:00,2994.66,3020.19,2938.65,25.5300000000002,56.00999999999976,2.193889541715602,0.14022718370544063,False,initial_stop,300.0,-0.9999469881906892,-299.98409645720676,10000.0,9700.015903542793,,
D_V03_PLUS_V05_SINGLE_SLOT,1,ETHUSDT,eth_up,a1_b1_confluence,sweep_reclaim,,,,confluence:ETHUSDT:1h:ob:simple_2c:long:2025-07-11T07:00:00+00:00:2025-07-11T08:00:00+00:00|m15-m5-delivery:ETHUSDT:15m:sweep_reclaim:long:ETHUSDT:1h:pivot:low:2025-07-11T11:00:00+00:00:2968.48:2025-07-11T15:00:00+00:00|ETHUSDT:5m:pivot:high:2025-07-11T15:20:00+00:00:2988.11|ETHUSDT:5m:ob:simple_2c:long:2025-07-11T15:30:00+00:00:2025-07-11T15:35:00+00:00,ETHUSDT:1h:ob:simple_2c:long:2025-07-11T07:00:00+00:00:2025-07-11T08:00:00+00:00,long,2025-07-11T15:40:00+00:00,2025-07-11T15:45:00+00:00,2025-07-11T15:55:00+00:00,2984.34,2965.7999999999997,2995.53,18.54000000000042,11.190000000000055,0.6035598705501511,0.11165048543687499,False,initial_stop,300.0,-0.9999604813149746,-299.9881443944924,10000.0,9700.011855605508,,
D_V03_PLUS_V05_SINGLE_SLOT,1,ETHUSDT,eth_up,a1_b1_confluence,break_retest,,,,confluence:ETHUSDT:15m:ob:simple_2c:long:2025-07-20T02:15:00+00:00:2025-07-20T02:30:00+00:00|m15-m5-delivery:ETHUSDT:15m:break_retest:long:ETHUSDT:1h:pivot:high:2025-07-19T04:00:00+00:00:3609.1:2025-07-20T02:30:00+00:00:2025-07-20T03:15:00+00:00|ETHUSDT:5m:pivot:high:2025-07-20T05:55:00+00:00:3653.25|ETHUSDT:5m:ob:simple_2c:long:2025-07-20T06:35:00+00:00:2025-07-20T06:40:00+00:00,ETHUSDT:15m:ob:simple_2c:long:2025-07-20T02:15:00+00:00:2025-07-20T02:30:00+00:00,long,2025-07-20T06:45:00+00:00,2025-07-20T07:00:00+00:00,2025-07-20T07:20:00+00:00,3651.5,3607.75,3662.64,43.75,11.139999999999873,0.25462857142856854,0.41920000000000335,False,initial_target,291.00035566816524,0.2042845186890009,59.446867595999215,9700.011855605508,9759.458723201507,,
D_V03_PLUS_V05_SINGLE_SLOT,1,ETHUSDT,eth_up,a1_b1_confluence,break_retest,,,,confluence:ETHUSDT:1h:pivot:high:2025-07-20T03:00:00+00:00:3695|m15-m5-delivery:ETHUSDT:15m:break_retest:long:ETHUSDT:1h:pivot:high:2025-07-20T03:00:00+00:00:3695:2025-07-20T08:30:00+00:00:2025-07-20T09:15:00+00:00|ETHUSDT:5m:pivot:high:2025-07-20T14:35:00+00:00:3752.91|ETHUSDT:5m:ob:simple_2c:long:2025-07-20T14:50:00+00:00:2025-07-20T14:55:00+00:00,ETHUSDT:1h:pivot:high:2025-07-20T03:00:00+00:00:3695,long,2025-07-20T15:00:00+00:00,2025-07-20T15:25:00+00:00,2025-07-20T15:35:00+00:00,3748.95,3694.3399999999997,3771.37,54.61000000000013,22.420000000000073,0.4105475187694565,0.6229628273210017,False,initial_target,292.7837616960452,0.3586196109776215,104.99799872000037,9759.458723201507,9864.456721921508,,
E_V03_BREAK_RETEST_PLUS_V05_SINGLE_SLOT,1,ETHUSDT,eth_up,a1_b1_confluence,break_retest,,,,confluence:ETHUSDT:15m:ob:simple_2c:long:2025-07-20T02:15:00+00:00:2025-07-20T02:30:00+00:00|m15-m5-delivery:ETHUSDT:15m:break_retest:long:ETHUSDT:1h:pivot:high:2025-07-19T04:00:00+00:00:3609.1:2025-07-20T02:30:00+00:00:2025-07-20T03:15:00+00:00|ETHUSDT:5m:pivot:high:2025-07-20T05:55:00+00:00:3653.25|ETHUSDT:5m:ob:simple_2c:long:2025-07-20T06:35:00+00:00:2025-07-20T06:40:00+00:00,ETHUSDT:15m:ob:simple_2c:long:2025-07-20T02:15:00+00:00:2025-07-20T02:30:00+00:00,long,2025-07-20T06:45:00+00:00,2025-07-20T07:00:00+00:00,2025-07-20T07:20:00+00:00,3651.5,3607.75,3662.64,43.75,11.139999999999873,0.25462857142856854,0.41920000000000335,False,initial_target,300.0,0.2042851009199973,61.28553027599919,10000.0,10061.285530276,,
E_V03_BREAK_RETEST_PLUS_V05_SINGLE_SLOT,1,ETHUSDT,eth_up,a1_b1_confluence,break_retest,,,,confluence:ETHUSDT:1h:pivot:high:2025-07-20T03:00:00+00:00:3695|m15-m5-delivery:ETHUSDT:15m:break_retest:long:ETHUSDT:1h:pivot:high:2025-07-20T03:00:00+00:00:3695:2025-07-20T08:30:00+00:00:2025-07-20T09:15:00+00:00|ETHUSDT:5m:pivot:high:2025-07-20T14:35:00+00:00:3752.91|ETHUSDT:5m:ob:simple_2c:long:2025-07-20T14:50:00+00:00:2025-07-20T14:55:00+00:00,ETHUSDT:1h:pivot:high:2025-07-20T03:00:00+00:00:3695,long,2025-07-20T15:00:00+00:00,2025-07-20T15:25:00+00:00,2025-07-20T15:35:00+00:00,3748.95,3694.3399999999997,3771.37,54.61000000000013,22.420000000000073,0.4105475187694565,0.6229628273210017,False,initial_target,301.83856590828,0.35867147861051574,108.26088473600038,10061.285530276,10169.546415012,,
A_V03_FIRST_REVISIT_LOCKED,2,BTCUSDT,btc_down_high_vol,a1_b1_confluence,break_retest,,,,confluence:BTCUSDT:1h:pivot:low:2026-01-25T08:00:00+00:00:88100|m15-m5-delivery:BTCUSDT:15m:break_retest:short:BTCUSDT:1h:pivot:low:2026-01-25T08:00:00+00:00:88100:2026-01-25T16:00:00+00:00:2026-01-25T16:30:00+00:00|BTCUSDT:5m:pivot:low:2026-01-25T17:10:00+00:00:87779.9|BTCUSDT:5m:ob:simple_2c:short:2026-01-25T17:25:00+00:00:2026-01-25T17:30:00+00:00,BTCUSDT:1h:pivot:low:2026-01-25T08:00:00+00:00:88100,short,2026-01-25T17:35:00+00:00,2026-01-25T17:40:00+00:00,2026-01-25T18:15:00+00:00,87807.2,88103.70000000001,87477.0,296.50000000001455,330.1999999999971,1.113659359190492,1.3032040472174544,False,initial_target,300.0,0.7673722159999926,230.21166479999778,10000.0,10230.211664799997,,
B_V04_PREEXISTING_VALID_EPISODE_LOCKED,2,BTCUSDT,btc_down_high_vol,preexisting_ob_structure_first_retest,,,,,structure-first-retest:BTCUSDT:15m:ob:simple_2c:long:2026-01-26T20:45:00+00:00:2026-01-26T21:00:00+00:00|BTCUSDT:5m:pivot:high:2026-01-27T14:55:00+00:00:87921.2|2026-01-27T15:10:00+00:00,BTCUSDT:15m:ob:simple_2c:long:2026-01-26T20:45:00+00:00:2026-01-26T21:00:00+00:00,long,2026-01-27T15:15:00+00:00,2026-01-27T15:20:00+00:00,2026-01-27T16:10:00+00:00,87768.8,87489.4,88977.7,279.40000000000873,1208.8999999999942,4.326771653543151,3.238010021474477,True,volume_spike,300.0,1.1028890119522066,330.866703585662,10000.0,10330.866703585662,,
B_V04_PREEXISTING_VALID_EPISODE_LOCKED,2,BTCUSDT,btc_down_high_vol,preexisting_ob_structure_first_retest,,,,,structure-first-retest:BTCUSDT:15m:ob:simple_2c:long:2026-01-30T18:15:00+00:00:2026-01-30T18:30:00+00:00|BTCUSDT:5m:pivot:high:2026-01-31T11:25:00+00:00:83049.4|2026-01-31T12:05:00+00:00,BTCUSDT:15m:ob:simple_2c:long:2026-01-30T18:15:00+00:00:2026-01-30T18:30:00+00:00,long,2026-01-31T12:10:00+00:00,2026-01-31T12:15:00+00:00,2026-01-31T12:20:00+00:00,82823.7,81831.9,84635.7,991.8000000000029,1812.0,1.8269812462189905,0.22675942730390006,False,volume_spike,309.92600110756985,0.05517205953631858,17.099255784959983,10330.866703585662,10347.965959370622,,
C_V05_M15_SWEEP_DELIVERY_FIRST_REVISIT,2,BTCUSDT,btc_down_high_vol,m15_ob_m5_liquidity_delivery_first_retest,fvg,fvg,m15_event,fvg_wick_gap,v05-liquidity-delivery:BTCUSDT:15m:ob:simple_2c:short:2026-02-03T00:45:00+00:00:2026-02-03T01:00:00+00:00|BTCUSDT:5m:m15-location-sweep:short:BTCUSDT:15m:pivot:high:2026-02-03T01:45:00+00:00:78999:2026-02-03T08:35:00+00:00|BTCUSDT:5m:delivery:2026-02-03T09:10:00+00:00|fvg,BTCUSDT:15m:ob:simple_2c:short:2026-02-03T00:45:00+00:00:2026-02-03T01:00:00+00:00,short,2026-02-03T09:20:00+00:00,2026-02-03T09:25:00+00:00,2026-02-03T09:30:00+00:00,78331.3,79040.1,77909.8,708.8000000000029,421.5,0.5946670428893881,0.6495485327313866,False,initial_target,300.0,0.4943189213333334,148.29567640000002,10000.0,10148.2956764,40.0,5.0
D_V03_PLUS_V05_SINGLE_SLOT,2,BTCUSDT,btc_down_high_vol,a1_b1_confluence,break_retest,,,,confluence:BTCUSDT:1h:pivot:low:2026-01-25T08:00:00+00:00:88100|m15-m5-delivery:BTCUSDT:15m:break_retest:short:BTCUSDT:1h:pivot:low:2026-01-25T08:00:00+00:00:88100:2026-01-25T16:00:00+00:00:2026-01-25T16:30:00+00:00|BTCUSDT:5m:pivot:low:2026-01-25T17:10:00+00:00:87779.9|BTCUSDT:5m:ob:simple_2c:short:2026-01-25T17:25:00+00:00:2026-01-25T17:30:00+00:00,BTCUSDT:1h:pivot:low:2026-01-25T08:00:00+00:00:88100,short,2026-01-25T17:35:00+00:00,2026-01-25T17:40:00+00:00,2026-01-25T18:15:00+00:00,87807.2,88103.70000000001,87477.0,296.50000000001455,330.1999999999971,1.113659359190492,1.3032040472174544,False,initial_target,300.0,0.7673722159999926,230.21166479999778,10000.0,10230.211664799997,,
D_V03_PLUS_V05_SINGLE_SLOT,2,BTCUSDT,btc_down_high_vol,m15_ob_m5_liquidity_delivery_first_retest,fvg,fvg,m15_event,fvg_wick_gap,v05-liquidity-delivery:BTCUSDT:15m:ob:simple_2c:short:2026-02-03T00:45:00+00:00:2026-02-03T01:00:00+00:00|BTCUSDT:5m:m15-location-sweep:short:BTCUSDT:15m:pivot:high:2026-02-03T01:45:00+00:00:78999:2026-02-03T08:35:00+00:00|BTCUSDT:5m:delivery:2026-02-03T09:10:00+00:00|fvg,BTCUSDT:15m:ob:simple_2c:short:2026-02-03T00:45:00+00:00:2026-02-03T01:00:00+00:00,short,2026-02-03T09:20:00+00:00,2026-02-03T09:25:00+00:00,2026-02-03T09:30:00+00:00,78331.3,79040.1,77909.8,708.8000000000029,421.5,0.5946670428893881,0.6495485327313866,False,initial_target,306.9063499439999,0.49463930103661874,151.80794242000002,10230.211664799997,10382.019607219998,40.0,5.0
E_V03_BREAK_RETEST_PLUS_V05_SINGLE_SLOT,2,BTCUSDT,btc_down_high_vol,a1_b1_confluence,break_retest,,,,confluence:BTCUSDT:1h:pivot:low:2026-01-25T08:00:00+00:00:88100|m15-m5-delivery:BTCUSDT:15m:break_retest:short:BTCUSDT:1h:pivot:low:2026-01-25T08:00:00+00:00:88100:2026-01-25T16:00:00+00:00:2026-01-25T16:30:00+00:00|BTCUSDT:5m:pivot:low:2026-01-25T17:10:00+00:00:87779.9|BTCUSDT:5m:ob:simple_2c:short:2026-01-25T17:25:00+00:00:2026-01-25T17:30:00+00:00,BTCUSDT:1h:pivot:low:2026-01-25T08:00:00+00:00:88100,short,2026-01-25T17:35:00+00:00,2026-01-25T17:40:00+00:00,2026-01-25T18:15:00+00:00,87807.2,88103.70000000001,87477.0,296.50000000001455,330.1999999999971,1.113659359190492,1.3032040472174544,False,initial_target,300.0,0.7673722159999926,230.21166479999778,10000.0,10230.211664799997,,
E_V03_BREAK_RETEST_PLUS_V05_SINGLE_SLOT,2,BTCUSDT,btc_down_high_vol,m15_ob_m5_liquidity_delivery_first_retest,fvg,fvg,m15_event,fvg_wick_gap,v05-liquidity-delivery:BTCUSDT:15m:ob:simple_2c:short:2026-02-03T00:45:00+00:00:2026-02-03T01:00:00+00:00|BTCUSDT:5m:m15-location-sweep:short:BTCUSDT:15m:pivot:high:2026-02-03T01:45:00+00:00:78999:2026-02-03T08:35:00+00:00|BTCUSDT:5m:delivery:2026-02-03T09:10:00+00:00|fvg,BTCUSDT:15m:ob:simple_2c:short:2026-02-03T00:45:00+00:00:2026-02-03T01:00:00+00:00,short,2026-02-03T09:20:00+00:00,2026-02-03T09:25:00+00:00,2026-02-03T09:30:00+00:00,78331.3,79040.1,77909.8,708.8000000000029,421.5,0.5946670428893881,0.6495485327313866,False,initial_target,306.9063499439999,0.49463930103661874,151.80794242000002,10230.211664799997,10382.019607219998,40.0,5.0
A_V03_FIRST_REVISIT_LOCKED,3,ETHUSDT,eth_down_high_vol,a1_b1_confluence,break_retest,,,,confluence:ETHUSDT:1h:pivot:low:2026-02-01T10:00:00+00:00:2374.61|m15-m5-delivery:ETHUSDT:15m:break_retest:short:ETHUSDT:1h:pivot:low:2026-02-01T10:00:00+00:00:2374.61:2026-02-01T14:15:00+00:00:2026-02-01T14:45:00+00:00|ETHUSDT:5m:pivot:low:2026-02-01T19:55:00+00:00:2304.56|ETHUSDT:5m:ob:simple_2c:short:2026-02-01T20:20:00+00:00:2026-02-01T20:25:00+00:00,ETHUSDT:1h:pivot:low:2026-02-01T10:00:00+00:00:2374.61,short,2026-02-01T20:30:00+00:00,2026-02-01T20:40:00+00:00,2026-02-01T21:10:00+00:00,2320.7,2386.75,2296.16,66.05000000000018,24.539999999999964,0.37153671461014226,0.4564723694171015,False,initial_target,300.0,0.3451176571733328,103.53529715199984,10000.0,10103.535297152,,
A_V03_FIRST_REVISIT_LOCKED,3,ETHUSDT,eth_down_high_vol,a1_b1_confluence,break_retest,,,,confluence:ETHUSDT:1h:pivot:low:2026-02-02T20:00:00+00:00:2311.2|m15-m5-delivery:ETHUSDT:15m:break_retest:short:ETHUSDT:1h:pivot:low:2026-02-02T20:00:00+00:00:2311.2:2026-02-03T09:00:00+00:00:2026-02-03T13:30:00+00:00|ETHUSDT:5m:pivot:low:2026-02-03T13:50:00+00:00:2301.86|ETHUSDT:5m:ob:double_3c:short:2026-02-03T14:05:00+00:00:2026-02-03T14:10:00+00:00:2026-02-03T14:15:00+00:00,ETHUSDT:1h:pivot:low:2026-02-02T20:00:00+00:00:2311.2,short,2026-02-03T14:20:00+00:00,2026-02-03T14:30:00+00:00,2026-02-03T14:35:00+00:00,2309.2,2313.8100000000004,2294.44,4.610000000000582,14.759999999999764,3.201735357917115,7.04555314533534,True,initial_stop,303.10605891456,0.09950300090967046,30.15996245590209,10103.535297152,10133.695259607903,,
B_V04_PREEXISTING_VALID_EPISODE_LOCKED,3,ETHUSDT,eth_down_high_vol,preexisting_ob_structure_first_retest,,,,,structure-first-retest:ETHUSDT:15m:ob:simple_2c:long:2026-01-27T19:45:00+00:00:2026-01-27T20:00:00+00:00|ETHUSDT:5m:pivot:high:2026-01-28T15:45:00+00:00:3012.5|2026-01-28T16:25:00+00:00,ETHUSDT:15m:ob:simple_2c:long:2026-01-27T19:45:00+00:00:2026-01-27T20:00:00+00:00,long,2026-01-28T16:30:00+00:00,2026-01-28T17:35:00+00:00,2026-01-28T17:40:00+00:00,2989.02,2975.77,3045.81,13.25,56.789999999999964,4.286037735849054,2.1766037735849166,True,volume_spike,300.0,0.927265253250808,278.1795759752424,10000.0,10278.179575975242,,
C_V05_M15_SWEEP_DELIVERY_FIRST_REVISIT,3,ETHUSDT,eth_down_high_vol,m15_ob_m5_liquidity_delivery_first_retest,ob,ob,m15_event,ob_body,v05-liquidity-delivery:ETHUSDT:15m:ob:simple_2c:short:2026-01-24T03:15:00+00:00:2026-01-24T03:30:00+00:00|ETHUSDT:5m:m15-location-sweep:short:ETHUSDT:15m:pivot:high:2026-01-24T22:00:00+00:00:2963.42:2026-01-24T23:00:00+00:00|ETHUSDT:5m:delivery:2026-01-24T23:50:00+00:00|ob,ETHUSDT:15m:ob:simple_2c:short:2026-01-24T03:15:00+00:00:2026-01-24T03:30:00+00:00,short,2026-01-24T23:55:00+00:00,2026-01-25T00:00:00+00:00,2026-01-25T01:40:00+00:00,2952.56,2963.4900000000002,2947.21,10.930000000000291,5.349999999999909,0.4894784995425221,0.37328453796887634,False,volume_spike,300.0,0.023733631052671077,7.120089315801323,10000.0,10007.120089315802,50.0,5.0
D_V03_PLUS_V05_SINGLE_SLOT,3,ETHUSDT,eth_down_high_vol,m15_ob_m5_liquidity_delivery_first_retest,ob,ob,m15_event,ob_body,v05-liquidity-delivery:ETHUSDT:15m:ob:simple_2c:short:2026-01-24T03:15:00+00:00:2026-01-24T03:30:00+00:00|ETHUSDT:5m:m15-location-sweep:short:ETHUSDT:15m:pivot:high:2026-01-24T22:00:00+00:00:2963.42:2026-01-24T23:00:00+00:00|ETHUSDT:5m:delivery:2026-01-24T23:50:00+00:00|ob,ETHUSDT:15m:ob:simple_2c:short:2026-01-24T03:15:00+00:00:2026-01-24T03:30:00+00:00,short,2026-01-24T23:55:00+00:00,2026-01-25T00:00:00+00:00,2026-01-25T01:40:00+00:00,2952.56,2963.4900000000002,2947.21,10.930000000000291,5.349999999999909,0.4894784995425221,0.37328453796887634,False,volume_spike,300.0,0.023733631052671077,7.120089315801323,10000.0,10007.120089315802,50.0,5.0
D_V03_PLUS_V05_SINGLE_SLOT,3,ETHUSDT,eth_down_high_vol,a1_b1_confluence,break_retest,,,,confluence:ETHUSDT:1h:pivot:low:2026-02-01T10:00:00+00:00:2374.61|m15-m5-delivery:ETHUSDT:15m:break_retest:short:ETHUSDT:1h:pivot:low:2026-02-01T10:00:00+00:00:2374.61:2026-02-01T14:15:00+00:00:2026-02-01T14:45:00+00:00|ETHUSDT:5m:pivot:low:2026-02-01T19:55:00+00:00:2304.56|ETHUSDT:5m:ob:simple_2c:short:2026-02-01T20:20:00+00:00:2026-02-01T20:25:00+00:00,ETHUSDT:1h:pivot:low:2026-02-01T10:00:00+00:00:2374.61,short,2026-02-01T20:30:00+00:00,2026-02-01T20:40:00+00:00,2026-02-01T21:10:00+00:00,2320.7,2386.75,2296.16,66.05000000000018,24.539999999999964,0.37153671461014226,0.4564723694171015,False,initial_target,300.21360267947404,0.3451081034013504,103.60614703599985,10007.120089315802,10110.726236351802,,
D_V03_PLUS_V05_SINGLE_SLOT,3,ETHUSDT,eth_down_high_vol,a1_b1_confluence,break_retest,,,,confluence:ETHUSDT:1h:pivot:low:2026-02-02T20:00:00+00:00:2311.2|m15-m5-delivery:ETHUSDT:15m:break_retest:short:ETHUSDT:1h:pivot:low:2026-02-02T20:00:00+00:00:2311.2:2026-02-03T09:00:00+00:00:2026-02-03T13:30:00+00:00|ETHUSDT:5m:pivot:low:2026-02-03T13:50:00+00:00:2301.86|ETHUSDT:5m:ob:double_3c:short:2026-02-03T14:05:00+00:00:2026-02-03T14:10:00+00:00:2026-02-03T14:15:00+00:00,ETHUSDT:1h:pivot:low:2026-02-02T20:00:00+00:00:2311.2,short,2026-02-03T14:20:00+00:00,2026-02-03T14:30:00+00:00,2026-02-03T14:35:00+00:00,2309.2,2313.8100000000004,2294.44,4.610000000000582,14.759999999999764,3.201735357917115,7.04555314533534,True,initial_stop,303.32178709055404,0.09950263745076693,30.181317811790116,10110.726236351802,10140.907554163592,,
E_V03_BREAK_RETEST_PLUS_V05_SINGLE_SLOT,3,ETHUSDT,eth_down_high_vol,m15_ob_m5_liquidity_delivery_first_retest,ob,ob,m15_event,ob_body,v05-liquidity-delivery:ETHUSDT:15m:ob:simple_2c:short:2026-01-24T03:15:00+00:00:2026-01-24T03:30:00+00:00|ETHUSDT:5m:m15-location-sweep:short:ETHUSDT:15m:pivot:high:2026-01-24T22:00:00+00:00:2963.42:2026-01-24T23:00:00+00:00|ETHUSDT:5m:delivery:2026-01-24T23:50:00+00:00|ob,ETHUSDT:15m:ob:simple_2c:short:2026-01-24T03:15:00+00:00:2026-01-24T03:30:00+00:00,short,2026-01-24T23:55:00+00:00,2026-01-25T00:00:00+00:00,2026-01-25T01:40:00+00:00,2952.56,2963.4900000000002,2947.21,10.930000000000291,5.349999999999909,0.4894784995425221,0.37328453796887634,False,volume_spike,300.0,0.023733631052671077,7.120089315801323,10000.0,10007.120089315802,50.0,5.0
E_V03_BREAK_RETEST_PLUS_V05_SINGLE_SLOT,3,ETHUSDT,eth_down_high_vol,a1_b1_confluence,break_retest,,,,confluence:ETHUSDT:1h:pivot:low:2026-02-01T10:00:00+00:00:2374.61|m15-m5-delivery:ETHUSDT:15m:break_retest:short:ETHUSDT:1h:pivot:low:2026-02-01T10:00:00+00:00:2374.61:2026-02-01T14:15:00+00:00:2026-02-01T14:45:00+00:00|ETHUSDT:5m:pivot:low:2026-02-01T19:55:00+00:00:2304.56|ETHUSDT:5m:ob:simple_2c:short:2026-02-01T20:20:00+00:00:2026-02-01T20:25:00+00:00,ETHUSDT:1h:pivot:low:2026-02-01T10:00:00+00:00:2374.61,short,2026-02-01T20:30:00+00:00,2026-02-01T20:40:00+00:00,2026-02-01T21:10:00+00:00,2320.7,2386.75,2296.16,66.05000000000018,24.539999999999964,0.37153671461014226,0.4564723694171015,False,initial_target,300.21360267947404,0.3451081034013504,103.60614703599985,10007.120089315802,10110.726236351802,,
E_V03_BREAK_RETEST_PLUS_V05_SINGLE_SLOT,3,ETHUSDT,eth_down_high_vol,a1_b1_confluence,break_retest,,,,confluence:ETHUSDT:1h:pivot:low:2026-02-02T20:00:00+00:00:2311.2|m15-m5-delivery:ETHUSDT:15m:break_retest:short:ETHUSDT:1h:pivot:low:2026-02-02T20:00:00+00:00:2311.2:2026-02-03T09:00:00+00:00:2026-02-03T13:30:00+00:00|ETHUSDT:5m:pivot:low:2026-02-03T13:50:00+00:00:2301.86|ETHUSDT:5m:ob:double_3c:short:2026-02-03T14:05:00+00:00:2026-02-03T14:10:00+00:00:2026-02-03T14:15:00+00:00,ETHUSDT:1h:pivot:low:2026-02-02T20:00:00+00:00:2311.2,short,2026-02-03T14:20:00+00:00,2026-02-03T14:30:00+00:00,2026-02-03T14:35:00+00:00,2309.2,2313.8100000000004,2294.44,4.610000000000582,14.759999999999764,3.201735357917115,7.04555314533534,True,initial_stop,303.32178709055404,0.09950263745076693,30.181317811790116,10110.726236351802,10140.907554163592,,
A_V03_FIRST_REVISIT_LOCKED,4,BTCUSDT,btc_up,a1_b1_confluence,sweep_reclaim,,,,confluence:BTCUSDT:1h:pivot:high:2026-04-09T17:00:00+00:00:72541.1|m15-m5-delivery:BTCUSDT:15m:sweep_reclaim:short:BTCUSDT:1h:pivot:high:2026-04-09T17:00:00+00:00:72541.1:2026-04-09T21:00:00+00:00|BTCUSDT:5m:pivot:low:2026-04-09T20:50:00+00:00:72266.3|BTCUSDT:5m:ob:simple_2c:short:2026-04-09T21:20:00+00:00:2026-04-09T21:25:00+00:00,BTCUSDT:1h:pivot:high:2026-04-09T17:00:00+00:00:72541.1,short,2026-04-09T21:30:00+00:00,2026-04-09T21:40:00+00:00,2026-04-09T22:20:00+00:00,72253.0,72698.1,72075.1,445.1000000000058,177.89999999999418,0.3996854639406692,0.15412266906314295,False,initial_stop,300.0,-0.9991953612799633,-299.758608383989,10000.0,9700.241391616011,,
B_V04_PREEXISTING_VALID_EPISODE_LOCKED,4,BTCUSDT,btc_up,preexisting_ob_structure_first_retest,,,,,structure-first-retest:BTCUSDT:15m:ob:double_3c:short:2026-04-06T16:15:00+00:00:2026-04-06T16:30:00+00:00:2026-04-06T16:45:00+00:00|BTCUSDT:5m:pivot:low:2026-04-07T18:20:00+00:00:68520.1|2026-04-07T18:40:00+00:00,BTCUSDT:15m:ob:double_3c:short:2026-04-06T16:15:00+00:00:2026-04-06T16:30:00+00:00:2026-04-06T16:45:00+00:00,short,2026-04-07T18:45:00+00:00,2026-04-07T21:10:00+00:00,2026-04-07T21:10:00+00:00,69862.6,69894.40000000001,67679.0,31.80000000000291,2183.600000000006,68.66666666666056,0.0,False,initial_stop,300.0,-0.9996758806342205,-299.90276419026617,10000.0,9700.097235809733,,
B_V04_PREEXISTING_VALID_EPISODE_LOCKED,4,BTCUSDT,btc_up,preexisting_ob_structure_first_retest,,,,,structure-first-retest:BTCUSDT:15m:ob:simple_2c:short:2026-04-16T13:15:00+00:00:2026-04-16T13:30:00+00:00|BTCUSDT:5m:pivot:low:2026-04-16T16:35:00+00:00:74158.8|2026-04-16T16:50:00+00:00,BTCUSDT:15m:ob:simple_2c:short:2026-04-16T13:15:00+00:00:2026-04-16T13:30:00+00:00,short,2026-04-16T16:55:00+00:00,2026-04-16T18:55:00+00:00,2026-04-16T18:55:00+00:00,74779.0,74977.0,73235.8,198.0,1543.199999999997,7.793939393939379,0.0,False,initial_stop,291.002917074292,-0.9998554735571895,-290.9608594578398,9700.097235809733,9409.136376351893,,
B_V04_PREEXISTING_VALID_EPISODE_LOCKED,4,BTCUSDT,btc_up,preexisting_ob_structure_first_retest,,,,,structure-first-retest:BTCUSDT:15m:ob:simple_2c:long:2026-04-17T14:00:00+00:00:2026-04-17T14:15:00+00:00|BTCUSDT:5m:pivot:high:2026-04-17T18:25:00+00:00:77322|2026-04-17T18:40:00+00:00,BTCUSDT:15m:ob:simple_2c:long:2026-04-17T14:00:00+00:00:2026-04-17T14:15:00+00:00,long,2026-04-17T18:45:00+00:00,2026-04-17T18:50:00+00:00,2026-04-17T19:10:00+00:00,77305.5,76970.0,78332.6,335.5,1027.1000000000058,3.0614008941877966,0.0,False,initial_stop,282.2740912905568,-0.9996279056725453,-282.16905870240015,9409.136376351893,9126.967317649493,,
C_V05_M15_SWEEP_DELIVERY_FIRST_REVISIT,4,BTCUSDT,btc_up,m15_ob_m5_liquidity_delivery_first_retest,fvg,fvg,m15_event,fvg_wick_gap,v05-liquidity-delivery:BTCUSDT:15m:ob:simple_2c:short:2026-04-16T02:30:00+00:00:2026-04-16T02:45:00+00:00|BTCUSDT:5m:m15-location-sweep:short:BTCUSDT:15m:pivot:high:2026-04-16T12:00:00+00:00:74875.7:2026-04-16T16:05:00+00:00|BTCUSDT:5m:delivery:2026-04-16T16:50:00+00:00|fvg,BTCUSDT:15m:ob:simple_2c:short:2026-04-16T02:30:00+00:00:2026-04-16T02:45:00+00:00,short,2026-04-16T17:00:00+00:00,2026-04-16T17:25:00+00:00,2026-04-16T18:55:00+00:00,74219.2,74900.0,73235.8,680.8000000000029,983.3999999999942,1.4444770857814189,0.24632784958871382,False,initial_stop,300.0,-0.9998747090533319,-299.96241271599956,10000.0,9700.037587284001,50.0,25.0
D_V03_PLUS_V05_SINGLE_SLOT,4,BTCUSDT,btc_up,a1_b1_confluence,sweep_reclaim,,,,confluence:BTCUSDT:1h:pivot:high:2026-04-09T17:00:00+00:00:72541.1|m15-m5-delivery:BTCUSDT:15m:sweep_reclaim:short:BTCUSDT:1h:pivot:high:2026-04-09T17:00:00+00:00:72541.1:2026-04-09T21:00:00+00:00|BTCUSDT:5m:pivot:low:2026-04-09T20:50:00+00:00:72266.3|BTCUSDT:5m:ob:simple_2c:short:2026-04-09T21:20:00+00:00:2026-04-09T21:25:00+00:00,BTCUSDT:1h:pivot:high:2026-04-09T17:00:00+00:00:72541.1,short,2026-04-09T21:30:00+00:00,2026-04-09T21:40:00+00:00,2026-04-09T22:20:00+00:00,72253.0,72698.1,72075.1,445.1000000000058,177.89999999999418,0.3996854639406692,0.15412266906314295,False,initial_stop,300.0,-0.9991953612799633,-299.758608383989,10000.0,9700.241391616011,,
D_V03_PLUS_V05_SINGLE_SLOT,4,BTCUSDT,btc_up,m15_ob_m5_liquidity_delivery_first_retest,fvg,fvg,m15_event,fvg_wick_gap,v05-liquidity-delivery:BTCUSDT:15m:ob:simple_2c:short:2026-04-16T02:30:00+00:00:2026-04-16T02:45:00+00:00|BTCUSDT:5m:m15-location-sweep:short:BTCUSDT:15m:pivot:high:2026-04-16T12:00:00+00:00:74875.7:2026-04-16T16:05:00+00:00|BTCUSDT:5m:delivery:2026-04-16T16:50:00+00:00|fvg,BTCUSDT:15m:ob:simple_2c:short:2026-04-16T02:30:00+00:00:2026-04-16T02:45:00+00:00,short,2026-04-16T17:00:00+00:00,2026-04-16T17:25:00+00:00,2026-04-16T18:55:00+00:00,74219.2,74900.0,73235.8,680.8000000000029,983.3999999999942,1.4444770857814189,0.24632784958871382,False,initial_stop,291.00724174848034,-0.9996161505541594,-290.8955387799996,9700.241391616011,9409.345852836012,50.0,25.0
E_V03_BREAK_RETEST_PLUS_V05_SINGLE_SLOT,4,BTCUSDT,btc_up,m15_ob_m5_liquidity_delivery_first_retest,fvg,fvg,m15_event,fvg_wick_gap,v05-liquidity-delivery:BTCUSDT:15m:ob:simple_2c:short:2026-04-16T02:30:00+00:00:2026-04-16T02:45:00+00:00|BTCUSDT:5m:m15-location-sweep:short:BTCUSDT:15m:pivot:high:2026-04-16T12:00:00+00:00:74875.7:2026-04-16T16:05:00+00:00|BTCUSDT:5m:delivery:2026-04-16T16:50:00+00:00|fvg,BTCUSDT:15m:ob:simple_2c:short:2026-04-16T02:30:00+00:00:2026-04-16T02:45:00+00:00,short,2026-04-16T17:00:00+00:00,2026-04-16T17:25:00+00:00,2026-04-16T18:55:00+00:00,74219.2,74900.0,73235.8,680.8000000000029,983.3999999999942,1.4444770857814189,0.24632784958871382,False,initial_stop,300.0,-0.9998747090533319,-299.96241271599956,10000.0,9700.037587284001,50.0,25.0
A_V03_FIRST_REVISIT_LOCKED,5,BTCUSDT,btc_range,a1_b1_confluence,sweep_reclaim,,,,confluence:BTCUSDT:1h:pivot:high:2026-06-10T15:00:00+00:00:62846.8|m15-m5-delivery:BTCUSDT:15m:sweep_reclaim:short:BTCUSDT:1h:pivot:high:2026-06-10T15:00:00+00:00:62846.8:2026-06-11T03:45:00+00:00|BTCUSDT:5m:pivot:low:2026-06-11T04:10:00+00:00:62553.2|BTCUSDT:5m:ob:simple_2c:short:2026-06-11T04:25:00+00:00:2026-06-11T04:30:00+00:00,BTCUSDT:1h:pivot:high:2026-06-10T15:00:00+00:00:62846.8,short,2026-06-11T04:35:00+00:00,2026-06-11T04:40:00+00:00,2026-06-11T06:05:00+00:00,62599.9,63023.299999999996,62350.5,423.3999999999942,249.40000000000146,0.5890410958904225,0.1929617383089407,False,volume_spike,300.0,0.039337673382205174,11.801302014661552,10000.0,10011.80130201466,,
B_V04_PREEXISTING_VALID_EPISODE_LOCKED,5,BTCUSDT,btc_range,preexisting_ob_structure_first_retest,,,,,structure-first-retest:BTCUSDT:15m:ob:simple_2c:short:2026-06-08T23:00:00+00:00:2026-06-08T23:15:00+00:00|BTCUSDT:5m:pivot:low:2026-06-09T06:00:00+00:00:63252|2026-06-09T06:50:00+00:00,BTCUSDT:15m:ob:simple_2c:short:2026-06-08T23:00:00+00:00:2026-06-08T23:15:00+00:00,short,2026-06-09T06:55:00+00:00,2026-06-09T07:10:00+00:00,2026-06-09T07:15:00+00:00,63406.4,63481.9,63194.4,75.5,212.0,2.80794701986755,2.286092715231769,True,initial_stop,300.0,-0.047697082668896135,-14.30912480066884,10000.0,9985.69087519933,,
B_V04_PREEXISTING_VALID_EPISODE_LOCKED,5,BTCUSDT,btc_range,preexisting_ob_structure_first_retest,,,,,structure-first-retest:BTCUSDT:15m:ob:simple_2c:short:2026-06-08T16:15:00+00:00:2026-06-08T16:30:00+00:00|BTCUSDT:5m:pivot:low:2026-06-12T02:55:00+00:00:63519.4|2026-06-12T03:10:00+00:00,BTCUSDT:15m:ob:simple_2c:short:2026-06-08T16:15:00+00:00:2026-06-08T16:30:00+00:00,short,2026-06-12T03:15:00+00:00,2026-06-12T04:30:00+00:00,2026-06-12T05:15:00+00:00,63772.9,64026.0,60614.5,253.09999999999854,3158.4000000000015,12.478862109838087,1.5223231924140859,True,volume_spike,299.5707262559799,0.8233197664045679,246.6425003627201,9985.69087519933,10232.333375562052,,
B_V04_PREEXISTING_VALID_EPISODE_LOCKED,5,BTCUSDT,btc_range,preexisting_ob_structure_first_retest,,,,,structure-first-retest:BTCUSDT:15m:ob:simple_2c:long:2026-06-15T01:15:00+00:00:2026-06-15T01:30:00+00:00|BTCUSDT:5m:pivot:high:2026-06-17T04:10:00+00:00:65874|2026-06-17T05:00:00+00:00,BTCUSDT:15m:ob:simple_2c:long:2026-06-15T01:15:00+00:00:2026-06-15T01:30:00+00:00,long,2026-06-17T05:05:00+00:00,2026-06-17T07:25:00+00:00,2026-06-17T07:55:00+00:00,65482.2,65322.5,67276.0,159.6999999999971,1793.800000000003,11.232310582342114,0.6405760801503116,False,initial_stop,306.9700012668615,-0.9999790302191146,-306.9635641731966,10232.333375562052,9925.369811388855,,
C_V05_M15_SWEEP_DELIVERY_FIRST_REVISIT,5,BTCUSDT,btc_range,m15_ob_m5_liquidity_delivery_first_retest,fvg,fvg,m15_event,fvg_wick_gap,v05-liquidity-delivery:BTCUSDT:15m:ob:simple_2c:short:2026-06-08T23:00:00+00:00:2026-06-08T23:15:00+00:00|BTCUSDT:5m:m15-location-sweep:short:BTCUSDT:15m:pivot:high:2026-06-09T04:45:00+00:00:63407.7:2026-06-09T05:45:00+00:00|BTCUSDT:5m:delivery:2026-06-09T06:50:00+00:00|fvg,BTCUSDT:15m:ob:simple_2c:short:2026-06-08T23:00:00+00:00:2026-06-08T23:15:00+00:00,short,2026-06-09T07:00:00+00:00,2026-06-09T07:05:00+00:00,2026-06-09T07:30:00+00:00,63280.1,63433.6,62668.3,153.5,611.7999999999956,3.9856677524429682,1.9700325732899118,True,volume_spike,300.0,0.7856628445829575,235.69885337488728,10000.0,10235.698853374888,70.0,5.0
D_V03_PLUS_V05_SINGLE_SLOT,5,BTCUSDT,btc_range,m15_ob_m5_liquidity_delivery_first_retest,fvg,fvg,m15_event,fvg_wick_gap,v05-liquidity-delivery:BTCUSDT:15m:ob:simple_2c:short:2026-06-08T23:00:00+00:00:2026-06-08T23:15:00+00:00|BTCUSDT:5m:m15-location-sweep:short:BTCUSDT:15m:pivot:high:2026-06-09T04:45:00+00:00:63407.7:2026-06-09T05:45:00+00:00|BTCUSDT:5m:delivery:2026-06-09T06:50:00+00:00|fvg,BTCUSDT:15m:ob:simple_2c:short:2026-06-08T23:00:00+00:00:2026-06-08T23:15:00+00:00,short,2026-06-09T07:00:00+00:00,2026-06-09T07:05:00+00:00,2026-06-09T07:30:00+00:00,63280.1,63433.6,62668.3,153.5,611.7999999999956,3.9856677524429682,1.9700325732899118,True,volume_spike,300.0,0.7856628445829575,235.69885337488728,10000.0,10235.698853374888,70.0,5.0
D_V03_PLUS_V05_SINGLE_SLOT,5,BTCUSDT,btc_range,a1_b1_confluence,sweep_reclaim,,,,confluence:BTCUSDT:1h:pivot:high:2026-06-10T15:00:00+00:00:62846.8|m15-m5-delivery:BTCUSDT:15m:sweep_reclaim:short:BTCUSDT:1h:pivot:high:2026-06-10T15:00:00+00:00:62846.8:2026-06-11T03:45:00+00:00|BTCUSDT:5m:pivot:low:2026-06-11T04:10:00+00:00:62553.2|BTCUSDT:5m:ob:simple_2c:short:2026-06-11T04:25:00+00:00:2026-06-11T04:30:00+00:00,BTCUSDT:1h:pivot:high:2026-06-10T15:00:00+00:00:62846.8,short,2026-06-11T04:35:00+00:00,2026-06-11T04:40:00+00:00,2026-06-11T06:05:00+00:00,62599.9,63023.299999999996,62350.5,423.3999999999942,249.40000000000146,0.5890410958904225,0.1929617383089407,False,volume_spike,307.07096560124666,0.039367679579318096,12.088671381901687,10235.698853374888,10247.78752475679,,
E_V03_BREAK_RETEST_PLUS_V05_SINGLE_SLOT,5,BTCUSDT,btc_range,m15_ob_m5_liquidity_delivery_first_retest,fvg,fvg,m15_event,fvg_wick_gap,v05-liquidity-delivery:BTCUSDT:15m:ob:simple_2c:short:2026-06-08T23:00:00+00:00:2026-06-08T23:15:00+00:00|BTCUSDT:5m:m15-location-sweep:short:BTCUSDT:15m:pivot:high:2026-06-09T04:45:00+00:00:63407.7:2026-06-09T05:45:00+00:00|BTCUSDT:5m:delivery:2026-06-09T06:50:00+00:00|fvg,BTCUSDT:15m:ob:simple_2c:short:2026-06-08T23:00:00+00:00:2026-06-08T23:15:00+00:00,short,2026-06-09T07:00:00+00:00,2026-06-09T07:05:00+00:00,2026-06-09T07:30:00+00:00,63280.1,63433.6,62668.3,153.5,611.7999999999956,3.9856677524429682,1.9700325732899118,True,volume_spike,300.0,0.7856628445829575,235.69885337488728,10000.0,10235.698853374888,70.0,5.0
