arm,scope,environment,symbol,authority_id,entry_mode,ob_causal_state,side,created_at,entry_time,closed_at,entry_price,initial_stop,initial_target,target_r,final_reason,risk_budget,net_r,net_pnl,equity_before,equity_after
legacy_v0_2_temporal_reference,window,eth_transition,ETHUSDT,confluence:ETHUSDT:1h:pivot:high:2024-12-30T17:00:00+00:00:3408.49|b1-confirmation:ETHUSDT:15m:ob:simple_2c:short:2024-12-30T20:15:00+00:00:2024-12-30T20:30:00+00:00,limit_first_revisit,legacy_unclassified,short,2024-12-30T20:45:00+00:00,2024-12-30T20:50:00+00:00,2024-12-30T21:05:00+00:00,3403.84,3420.1000000000004,3395.98,0.4833948339483408,initial_target,100.0,0.33033182952000645,33.033182952000644,10000.0,10033.033182952
legacy_v0_2_temporal_reference,window,eth_transition,ETHUSDT,confluence:ETHUSDT:1h:pivot:high:2024-12-31T08:00:00+00:00:3409.13|b1-confirmation:ETHUSDT:5m:ob:simple_2c:long:2024-12-31T15:20:00+00:00:2024-12-31T15:25:00+00:00,limit_first_revisit,legacy_unclassified,long,2024-12-31T15:30:00+00:00,2024-12-31T15:35:00+00:00,2024-12-31T15:40:00+00:00,3417.33,3412.57,3428.56,2.3592436974788877,initial_stop,100.33033182952,-0.0015173283958837896,-0.1522340614533739,10033.033182952,10032.880948890546
legacy_v0_2_temporal_reference,window,eth_transition,ETHUSDT,confluence:ETHUSDT:1h:pivot:low:2024-12-31T17:00:00+00:00:3327.32|b1-confirmation:ETHUSDT:5m:ob:double_3c:long:2024-12-31T22:55:00+00:00:2024-12-31T23:00:00+00:00:2024-12-31T23:05:00+00:00,limit_first_revisit,legacy_unclassified,long,2024-12-31T23:10:00+00:00,2024-12-31T23:15:00+00:00,2024-12-31T23:15:00+00:00,3338.48,3326.16,3340.12,0.133116883116871,initial_target,100.32880948890546,0.01944345886228122,1.9507390799991828,10032.880948890546,10034.831687970545
legacy_v0_2_temporal_reference,window,eth_transition,ETHUSDT,confluence:ETHUSDT:1h:pivot:low:2025-01-05T03:00:00+00:00:3628.15|b1-confirmation:ETHUSDT:15m:ob:simple_2c:long:2025-01-05T07:15:00+00:00:2025-01-05T07:30:00+00:00,limit_first_revisit,legacy_unclassified,long,2025-01-05T07:45:00+00:00,2025-01-05T07:45:00+00:00,2025-01-05T07:50:00+00:00,3633.3,3630.74,3635.82,0.984374999999839,initial_stop,100.34831687970545,-0.9999862948228215,-100.34694158824306,10034.831687970545,9934.484746382303
legacy_v0_2_temporal_reference,window,eth_transition,ETHUSDT,confluence:ETHUSDT:1h:pivot:high:2025-01-05T20:00:00+00:00:3657.62|b1-confirmation:ETHUSDT:15m:ob:simple_2c:long:2025-01-06T02:15:00+00:00:2025-01-06T02:30:00+00:00,limit_first_revisit,legacy_unclassified,long,2025-01-06T02:45:00+00:00,2025-01-06T02:50:00+00:00,2025-01-06T03:05:00+00:00,3668.03,3655.06,3675.4,0.568234387047012,initial_stop,99.34484746382303,-0.9998604587194023,-99.33098475658714,9934.484746382303,9835.153761625716
legacy_v0_2_temporal_reference,window,eth_transition,ETHUSDT,confluence:ETHUSDT:1h:pivot:high:2025-01-06T05:00:00+00:00:3698.28|b1-confirmation:ETHUSDT:5m:ob:simple_2c:long:2025-01-06T16:45:00+00:00:2025-01-06T16:50:00+00:00,limit_first_revisit,legacy_unclassified,long,2025-01-06T16:55:00+00:00,2025-01-06T17:00:00+00:00,2025-01-06T17:20:00+00:00,3712.79,3690.07,3716.03,0.1426056338028257,initial_stop,98.35153761625716,-0.9998822766759937,-98.33995934632784,9835.153761625716,9736.813802279388
legacy_v0_2_temporal_reference,window,eth_transition,ETHUSDT,confluence:ETHUSDT:1h:pivot:low:2025-01-09T02:00:00+00:00:3304.71|b1-confirmation:ETHUSDT:15m:ob:simple_2c:long:2025-01-09T09:45:00+00:00:2025-01-09T10:00:00+00:00,limit_first_revisit,legacy_unclassified,long,2025-01-09T10:15:00+00:00,2025-01-09T10:20:00+00:00,2025-01-09T10:20:00+00:00,3317.56,3312.58,3322.18,0.9277108433734688,initial_stop,97.36813802279389,-0.9999360925901886,-97.36191547729469,9736.813802279388,9639.451886802093
legacy_v0_2_temporal_reference,window,eth_transition,ETHUSDT,confluence:ETHUSDT:1h:pivot:high:2025-01-11T15:00:00+00:00:3281.85|b1-confirmation:ETHUSDT:5m:ob:simple_2c:short:2025-01-11T19:00:00+00:00:2025-01-11T19:05:00+00:00,limit_first_revisit,legacy_unclassified,short,2025-01-11T19:10:00+00:00,2025-01-11T19:15:00+00:00,2025-01-11T19:35:00+00:00,3276.74,3282.73,3273.95,0.4657762938230139,initial_target,96.39451886802094,0.1596008313819543,15.384645351999623,9639.451886802093,9654.836532154093
legacy_v0_2_temporal_reference,window,eth_transition,ETHUSDT,confluence:ETHUSDT:1h:pivot:high:2025-01-11T12:00:00+00:00:3280.01|b1-confirmation:ETHUSDT:15m:ob:double_3c:long:2025-01-12T00:00:00+00:00:2025-01-12T00:15:00+00:00:2025-01-12T00:30:00+00:00,limit_first_revisit,legacy_unclassified,long,2025-01-12T00:45:00+00:00,2025-01-12T00:50:00+00:00,2025-01-12T00:55:00+00:00,3282.6,3276.63,3284.52,0.3216080402010035,initial_target,96.54836532154093,0.06559047808744078,6.332653440000758,9654.836532154093,9661.169185594094
legacy_v0_2_temporal_reference,window,eth_transition,ETHUSDT,confluence:ETHUSDT:15m:ob:double_3c:long:2025-01-11T19:15:00+00:00:2025-01-11T19:30:00+00:00:2025-01-11T19:45:00+00:00|b1-confirmation:ETHUSDT:5m:ob:simple_2c:long:2025-01-12T05:40:00+00:00:2025-01-12T05:45:00+00:00,limit_first_revisit,legacy_unclassified,long,2025-01-12T05:50:00+00:00,2025-01-12T06:25:00+00:00,2025-01-12T06:50:00+00:00,3274.97,3267.26,3282.3,0.9507133592737156,initial_stop,96.61169185594093,-0.9999825644032504,-96.61000737344044,9661.169185594094,9564.559178220654
legacy_v0_2_temporal_reference,window,eth_up,ETHUSDT,confluence:ETHUSDT:1h:pivot:high:2025-07-08T06:00:00+00:00:2562.77|b1-confirmation:ETHUSDT:15m:ob:double_3c:long:2025-07-08T11:30:00+00:00:2025-07-08T11:45:00+00:00:2025-07-08T12:00:00+00:00,limit_first_revisit,legacy_unclassified,long,2025-07-08T12:15:00+00:00,2025-07-08T12:20:00+00:00,2025-07-08T12:30:00+00:00,2576.59,2572.76,2579.49,0.7571801566577929,initial_stop,100.0,-0.9999904408685704,-99.99904408685704,10000.0,9900.000955913143
legacy_v0_2_temporal_reference,window,eth_up,ETHUSDT,confluence:ETHUSDT:1h:pivot:high:2025-07-08T13:00:00+00:00:2600.48|b1-confirmation:ETHUSDT:5m:ob:simple_2c:long:2025-07-08T19:35:00+00:00:2025-07-08T19:40:00+00:00,limit_first_revisit,legacy_unclassified,long,2025-07-08T19:45:00+00:00,2025-07-08T19:50:00+00:00,2025-07-08T19:50:00+00:00,2604.53,2600.43,2606.97,0.5951219512193617,initial_target,99.00000955913143,0.20858199804173086,20.64961979999409,9900.000955913143,9920.650575713138
legacy_v0_2_temporal_reference,window,eth_up,ETHUSDT,confluence:ETHUSDT:1h:pivot:high:2025-07-08T13:00:00+00:00:2600.48|b1-confirmation:ETHUSDT:15m:ob:double_3c:long:2025-07-08T19:45:00+00:00:2025-07-08T20:00:00+00:00:2025-07-08T20:15:00+00:00,limit_first_revisit,legacy_unclassified,long,2025-07-08T20:30:00+00:00,2025-07-08T20:35:00+00:00,2025-07-08T21:00:00+00:00,2609.67,2601.36,2614.22,0.5475330926593872,initial_stop,99.20650575713138,-0.9998994688852116,-99.19653241651336,9920.650575713138,9821.454043296624
legacy_v0_2_temporal_reference,window,eth_up,ETHUSDT,confluence:ETHUSDT:1h:pivot:high:2025-07-09T23:00:00+00:00:2781.98|b1-confirmation:ETHUSDT:5m:ob:simple_2c:long:2025-07-10T02:15:00+00:00:2025-07-10T02:20:00+00:00,limit_first_revisit,legacy_unclassified,long,2025-07-10T02:25:00+00:00,2025-07-10T02:30:00+00:00,2025-07-10T02:35:00+00:00,2785.82,2780.88,2789.51,0.7469635627529705,initial_stop,98.21454043296625,-0.9999557525549031,-98.21019469048072,9821.454043296624,9723.243848606144
legacy_v0_2_temporal_reference,window,eth_up,ETHUSDT,confluence:ETHUSDT:1h:pivot:high:2025-07-10T13:00:00+00:00:2793.8|b1-confirmation:ETHUSDT:5m:ob:simple_2c:long:2025-07-10T16:45:00+00:00:2025-07-10T16:50:00+00:00,limit_first_revisit,legacy_unclassified,long,2025-07-10T16:55:00+00:00,2025-07-10T17:00:00+00:00,2025-07-10T17:10:00+00:00,2804.71,2799.11,2811.01,1.1249999999999594,initial_target,97.23243848606144,0.61627692499548,59.922108200002114,9723.243848606144,9783.165956806146
legacy_v0_2_temporal_reference,window,eth_up,ETHUSDT,confluence:ETHUSDT:1h:ob:simple_2c:long:2025-07-11T07:00:00+00:00:2025-07-11T08:00:00+00:00|b1-confirmation:ETHUSDT:5m:ob:simple_2c:long:2025-07-11T15:10:00+00:00:2025-07-11T15:15:00+00:00,limit_first_revisit,legacy_unclassified,long,2025-07-11T15:20:00+00:00,2025-07-11T15:25:00+00:00,2025-07-11T15:30:00+00:00,2978.93,2965.8,2983.8,0.3709063214013941,initial_target,97.83165956806147,0.2284320643917389,22.347887958002097,9783.165956806146,9805.513844764148
legacy_v0_2_temporal_reference,window,eth_up,ETHUSDT,confluence:ETHUSDT:1h:ob:simple_2c:long:2025-07-11T00:00:00+00:00:2025-07-11T01:00:00+00:00|b1-confirmation:ETHUSDT:5m:ob:simple_2c:long:2025-07-11T15:55:00+00:00:2025-07-11T16:00:00+00:00,limit_first_revisit,legacy_unclassified,long,2025-07-11T16:05:00+00:00,2025-07-11T16:10:00+00:00,2025-07-11T16:10:00+00:00,2953.07,2938.73,2968.36,1.0662482566247784,initial_stop,98.05513844764148,-0.999986208595072,-98.05378612952188,9805.513844764148,9707.460058634626
legacy_v0_2_temporal_reference,window,eth_up,ETHUSDT,confluence:ETHUSDT:1h:pivot:high:2025-07-13T19:00:00+00:00:3011.55|b1-confirmation:ETHUSDT:5m:ob:simple_2c:short:2025-07-14T02:40:00+00:00:2025-07-14T02:45:00+00:00,limit_first_revisit,legacy_unclassified,short,2025-07-14T02:50:00+00:00,2025-07-14T02:55:00+00:00,2025-07-14T03:25:00+00:00,2998.06,3016.48,2995.0,0.166123778501625,initial_stop,97.07460058634626,-0.9999605653201408,-97.07077248054968,9707.460058634626,9610.389286154077
legacy_v0_2_temporal_reference,window,eth_up,ETHUSDT,confluence:ETHUSDT:1h:pivot:high:2025-07-14T05:00:00+00:00:3066.21|b1-confirmation:ETHUSDT:15m:ob:simple_2c:long:2025-07-14T10:45:00+00:00:2025-07-14T11:00:00+00:00,limit_first_revisit,legacy_unclassified,long,2025-07-14T11:15:00+00:00,2025-07-14T11:20:00+00:00,2025-07-14T11:25:00+00:00,3070.18,3062.06,3085.0,1.8251231527094045,initial_stop,96.10389286154077,-0.9999411707146986,-96.09823913820904,9610.389286154077,9514.291047015868
legacy_v0_2_temporal_reference,window,eth_up,ETHUSDT,confluence:ETHUSDT:1h:pivot:high:2025-07-15T13:00:00+00:00:3068.51|b1-confirmation:ETHUSDT:5m:ob:simple_2c:long:2025-07-15T17:30:00+00:00:2025-07-15T17:35:00+00:00,limit_first_revisit,legacy_unclassified,long,2025-07-15T17:40:00+00:00,2025-07-15T17:45:00+00:00,2025-07-15T17:45:00+00:00,3076.03,3064.98,3080.88,0.4389140271492877,initial_target,95.14291047015868,0.2563077646194978,24.385866701999383,9514.291047015868,9538.676913717867
legacy_v0_2_temporal_reference,window,eth_up,ETHUSDT,confluence:ETHUSDT:1h:pivot:high:2025-07-18T02:00:00+00:00:3629.41|b1-confirmation:ETHUSDT:15m:ob:simple_2c:long:2025-07-18T06:15:00+00:00:2025-07-18T06:30:00+00:00,limit_first_revisit,legacy_unclassified,long,2025-07-18T06:45:00+00:00,2025-07-18T06:50:00+00:00,2025-07-18T06:50:00+00:00,3652.79,3641.52,3658.13,0.4738243123336428,initial_target,95.38676913717867,0.2600204552513113,24.80251113600093,9538.676913717867,9563.479424853867
legacy_v0_2_temporal_reference,window,eth_up,ETHUSDT,confluence:ETHUSDT:1h:pivot:high:2025-07-20T03:00:00+00:00:3695|b1-confirmation:ETHUSDT:15m:ob:simple_2c:long:2025-07-20T09:15:00+00:00:2025-07-20T09:30:00+00:00,limit_first_revisit,legacy_unclassified,long,2025-07-20T09:45:00+00:00,2025-07-20T09:50:00+00:00,2025-07-20T09:55:00+00:00,3706.56,3694.34,3714.78,0.6726677577741476,initial_target,95.63479424853868,0.42315433597139673,40.468277856001535,9563.479424853867,9603.94770270987
legacy_v0_2_temporal_reference,window,btc_down_high_vol,BTCUSDT,confluence:BTCUSDT:1h:pivot:low:2026-01-25T08:00:00+00:00:88100|b1-confirmation:BTCUSDT:5m:ob:simple_2c:short:2026-01-25T16:25:00+00:00:2026-01-25T16:30:00+00:00,limit_first_revisit,legacy_unclassified,short,2026-01-25T16:35:00+00:00,2026-01-25T16:40:00+00:00,2026-01-25T17:30:00+00:00,87878.7,88103.70000000001,87706.0,0.7675555555554929,initial_target,100.0,0.4388899613999907,43.88899613999907,10000.0,10043.888996139998
legacy_v0_2_temporal_reference,window,btc_down_high_vol,BTCUSDT,confluence:BTCUSDT:15m:ob:double_3c:short:2026-01-25T16:30:00+00:00:2026-01-25T16:45:00+00:00:2026-01-25T17:00:00+00:00|b1-confirmation:BTCUSDT:5m:ob:simple_2c:short:2026-01-26T06:25:00+00:00:2026-01-26T06:30:00+00:00,limit_first_revisit,legacy_unclassified,short,2026-01-26T06:35:00+00:00,2026-01-26T06:45:00+00:00,2026-01-26T07:30:00+00:00,87894.4,88103.70000000001,87774.3,0.5738174868608755,initial_target,100.43888996139998,0.28508508637442476,28.63362961999706,10043.888996139998,10072.522625759995
legacy_v0_2_temporal_reference,window,btc_down_high_vol,BTCUSDT,confluence:BTCUSDT:1h:pivot:high:2026-01-26T19:00:00+00:00:88524.2|b1-confirmation:BTCUSDT:15m:ob:simple_2c:long:2026-01-27T01:45:00+00:00:2026-01-27T02:00:00+00:00,limit_first_revisit,legacy_unclassified,long,2026-01-27T02:15:00+00:00,2026-01-27T02:20:00+00:00,2026-01-27T02:40:00+00:00,88597.2,88464.4,88696.3,0.7462349397590636,initial_target,100.72522625759996,0.287483012705745,28.956791500002648,10072.522625759995,10101.479417259998
legacy_v0_2_temporal_reference,window,btc_down_high_vol,BTCUSDT,confluence:BTCUSDT:1h:pivot:low:2026-01-28T21:00:00+00:00:88813|b1-confirmation:BTCUSDT:5m:ob:double_3c:short:2026-01-29T03:15:00+00:00:2026-01-29T03:20:00+00:00:2026-01-29T03:25:00+00:00,limit_first_revisit,legacy_unclassified,short,2026-01-29T03:30:00+00:00,2026-01-29T03:35:00+00:00,2026-01-29T03:35:00+00:00,88004.0,88150.1,87936.0,0.4654346338124386,initial_target,101.01479417259998,0.13999901812239673,14.141972,10101.479417259998,10115.621389259997
legacy_v0_2_temporal_reference,window,btc_down_high_vol,BTCUSDT,confluence:BTCUSDT:1h:pivot:low:2026-02-01T10:00:00+00:00:78116|b1-confirmation:BTCUSDT:15m:ob:simple_2c:short:2026-02-02T11:30:00+00:00:2026-02-02T11:45:00+00:00,limit_first_revisit,legacy_unclassified,short,2026-02-02T12:00:00+00:00,2026-02-02T12:05:00+00:00,2026-02-02T12:15:00+00:00,77784.0,77939.1,77669.7,0.7369439071566642,initial_stop,101.15621389259998,-0.9997365648313263,-101.1295657883308,10115.621389259997,10014.491823471666
legacy_v0_2_temporal_reference,window,btc_down_high_vol,BTCUSDT,confluence:BTCUSDT:1h:pivot:high:2026-02-01T10:00:00+00:00:79187|b1-confirmation:BTCUSDT:15m:ob:simple_2c:short:2026-02-02T16:15:00+00:00:2026-02-02T16:30:00+00:00,limit_first_revisit,legacy_unclassified,short,2026-02-02T16:45:00+00:00,2026-02-02T16:50:00+00:00,2026-02-02T16:50:00+00:00,79020.4,79245.5,78969.8,0.2247889826743223,initial_target,100.14491823471667,0.06242598176918681,6.251644839997127,10014.491823471666,10020.743468311663
legacy_v0_2_temporal_reference,window,btc_down_high_vol,BTCUSDT,confluence:BTCUSDT:1h:pivot:high:2026-02-03T21:00:00+00:00:76913.8|b1-confirmation:BTCUSDT:5m:ob:simple_2c:short:2026-02-04T03:50:00+00:00:2026-02-04T03:55:00+00:00,limit_first_revisit,legacy_unclassified,short,2026-02-04T04:00:00+00:00,2026-02-04T04:05:00+00:00,2026-02-04T04:05:00+00:00,76681.9,76750.1,76625.0,0.8343108504396549,initial_target,100.20743468311663,0.18093354527366962,18.130886419995974,10020.743468311663,10038.874354731659
legacy_v0_2_temporal_reference,window,btc_down_high_vol,BTCUSDT,confluence:BTCUSDT:1h:pivot:high:2026-02-03T21:00:00+00:00:76913.8|b1-confirmation:BTCUSDT:15m:ob:simple_2c:short:2026-02-04T04:00:00+00:00:2026-02-04T04:15:00+00:00,limit_first_revisit,legacy_unclassified,short,2026-02-04T04:30:00+00:00,2026-02-04T04:35:00+00:00,2026-02-04T04:40:00+00:00,76673.0,76812.3,76607.7,0.4687724335965653,initial_target,100.3887435473166,0.1601250346601338,16.074751040001352,10038.874354731659,10054.94910577166
legacy_v0_2_temporal_reference,window,btc_down_high_vol,BTCUSDT,confluence:BTCUSDT:1h:pivot:low:2026-02-03T19:00:00+00:00:72889.7|b1-confirmation:BTCUSDT:5m:ob:simple_2c:long:2026-02-04T17:05:00+00:00:2026-02-04T17:10:00+00:00,limit_first_revisit,legacy_unclassified,long,2026-02-04T17:15:00+00:00,2026-02-04T17:20:00+00:00,2026-02-04T17:25:00+00:00,73512.6,72749.9,73746.1,0.3061492067654339,initial_stop,100.54949105771661,-0.9972327472436835,-100.27124520144092,10054.94910577166,9954.67786057022
legacy_v0_2_temporal_reference,window,btc_down_high_vol,BTCUSDT,confluence:BTCUSDT:1h:pivot:low:2026-02-03T19:00:00+00:00:72889.7|b1-confirmation:BTCUSDT:5m:ob:simple_2c:short:2026-02-04T17:30:00+00:00:2026-02-04T17:35:00+00:00,limit_first_revisit,legacy_unclassified,short,2026-02-04T17:40:00+00:00,2026-02-04T17:45:00+00:00,2026-02-04T17:55:00+00:00,72444.6,72932.3,72228.2,0.4437153988107649,initial_target,99.5467786057022,0.3333245268682242,33.18138288000155,9954.67786057022,9987.859243450222
legacy_v0_2_temporal_reference,window,btc_down_high_vol,BTCUSDT,confluence:BTCUSDT:1h:pivot:low:2026-02-04T22:00:00+00:00:71805.2|b1-confirmation:BTCUSDT:5m:ob:simple_2c:short:2026-02-05T03:05:00+00:00:2026-02-05T03:10:00+00:00,limit_first_revisit,legacy_unclassified,short,2026-02-05T03:15:00+00:00,2026-02-05T03:20:00+00:00,2026-02-05T03:40:00+00:00,71545.6,71849.6,71296.7,0.8187500000000287,initial_target,99.87859243450222,0.5845883154419858,58.38785810000232,9987.859243450222,10046.247101550225
legacy_v0_2_temporal_reference,window,btc_down_high_vol,BTCUSDT,confluence:BTCUSDT:1h:pivot:low:2026-02-04T22:00:00+00:00:71805.2|b1-confirmation:BTCUSDT:15m:ob:simple_2c:short:2026-02-05T03:15:00+00:00:2026-02-05T03:30:00+00:00,limit_first_revisit,legacy_unclassified,short,2026-02-05T03:45:00+00:00,2026-02-05T03:50:00+00:00,2026-02-05T03:55:00+00:00,71485.7,71740.90000000001,71225.5,1.0195924764889703,initial_target,100.46247101550226,0.7079154195702076,71.1189323199991,10046.247101550225,10117.366033870225
legacy_v0_2_temporal_reference,window,eth_down_high_vol,ETHUSDT,confluence:ETHUSDT:1h:pivot:high:2026-01-26T23:00:00+00:00:2944.8|b1-confirmation:ETHUSDT:15m:ob:simple_2c:short:2026-01-27T02:45:00+00:00:2026-01-27T03:00:00+00:00,limit_first_revisit,legacy_unclassified,short,2026-01-27T03:15:00+00:00,2026-01-27T03:20:00+00:00,2026-01-27T03:20:00+00:00,2939.8,2947.78,2938.3,0.1879699248120296,initial_target,100.0,0.0296872576,2.96872576,10000.0,10002.96872576
legacy_v0_2_temporal_reference,window,eth_down_high_vol,ETHUSDT,confluence:ETHUSDT:1h:pivot:high:2026-01-27T16:00:00+00:00:2997.99|b1-confirmation:ETHUSDT:15m:ob:simple_2c:long:2026-01-27T20:30:00+00:00:2026-01-27T20:45:00+00:00,limit_first_revisit,legacy_unclassified,long,2026-01-27T21:00:00+00:00,2026-01-27T21:05:00+00:00,2026-01-27T21:05:00+00:00,3015.29,2997.79,3019.12,0.2188571428571387,initial_target,100.0296872576,0.12794394417170663,12.798192721999648,10002.96872576,10015.766918481999
legacy_v0_2_temporal_reference,window,eth_down_high_vol,ETHUSDT,confluence:ETHUSDT:1h:pivot:low:2026-01-30T09:00:00+00:00:2708.11|b1-confirmation:ETHUSDT:15m:ob:simple_2c:long:2026-01-30T15:15:00+00:00:2026-01-30T15:30:00+00:00,limit_first_revisit,legacy_unclassified,long,2026-01-30T15:45:00+00:00,2026-01-30T15:50:00+00:00,2026-01-30T18:20:00+00:00,2736.0,2690.66,2743.62,0.1680635200705749,initial_stop,100.15766918482,-0.9995651964205372,-100.11412027174778,10015.766918481999,9915.65279821025
legacy_v0_2_temporal_reference,window,eth_down_high_vol,ETHUSDT,confluence:ETHUSDT:1h:pivot:low:2026-01-30T18:00:00+00:00:2634.84|b1-confirmation:ETHUSDT:5m:ob:double_3c:short:2026-01-31T13:00:00+00:00:2026-01-31T13:05:00+00:00:2026-01-31T13:10:00+00:00,limit_first_revisit,legacy_unclassified,short,2026-01-31T13:15:00+00:00,2026-01-31T13:20:00+00:00,2026-01-31T13:30:00+00:00,2631.22,2636.2000000000003,2627.43,0.7610441767067477,initial_target,99.1565279821025,0.3595555040655989,35.652275399999525,9915.65279821025,9951.30507361025
legacy_v0_2_temporal_reference,window,eth_down_high_vol,ETHUSDT,confluence:ETHUSDT:1h:pivot:low:2026-02-01T23:00:00+00:00:2218.5|b1-confirmation:ETHUSDT:5m:ob:simple_2c:short:2026-02-02T03:30:00+00:00:2026-02-02T03:35:00+00:00,limit_first_revisit,legacy_unclassified,short,2026-02-02T03:40:00+00:00,2026-02-02T03:45:00+00:00,2026-02-02T03:50:00+00:00,2171.67,2200.01,2163.12,0.3016937191249166,initial_stop,99.51305073610251,-0.9999922645503666,-99.51228095791068,9951.30507361025,9851.792792652339
legacy_v0_2_temporal_reference,window,eth_down_high_vol,ETHUSDT,confluence:ETHUSDT:1h:pivot:low:2026-01-31T18:00:00+00:00:2237.52|b1-confirmation:ETHUSDT:15m:ob:simple_2c:short:2026-02-02T07:30:00+00:00:2026-02-02T07:45:00+00:00,limit_first_revisit,legacy_unclassified,short,2026-02-02T08:00:00+00:00,2026-02-02T08:05:00+00:00,2026-02-02T08:20:00+00:00,2227.21,2252.6000000000004,2223.6,0.14218196140213,initial_stop,98.51792792652338,-0.9998291059616353,-98.5010917999687,9851.792792652339,9753.291700852371
legacy_v0_2_temporal_reference,window,eth_down_high_vol,ETHUSDT,confluence:ETHUSDT:1h:pivot:low:2026-02-02T20:00:00+00:00:2311.2|b1-confirmation:ETHUSDT:5m:ob:double_3c:short:2026-02-03T14:05:00+00:00:2026-02-03T14:10:00+00:00:2026-02-03T14:15:00+00:00,limit_first_revisit,legacy_unclassified,short,2026-02-03T14:20:00+00:00,2026-02-03T14:30:00+00:00,2026-02-03T14:35:00+00:00,2309.2,2313.8100000000004,2297.99,2.4316702819953626,initial_stop,97.53291700852371,0.09949755777459672,9.704287044980536,9753.291700852371,9762.995987897351
legacy_v0_2_temporal_reference,window,eth_down_high_vol,ETHUSDT,confluence:ETHUSDT:1h:pivot:low:2026-02-04T22:00:00+00:00:2085.04|b1-confirmation:ETHUSDT:5m:ob:simple_2c:long:2026-02-05T05:20:00+00:00:2026-02-05T05:25:00+00:00,limit_first_revisit,legacy_unclassified,long,2026-02-05T05:30:00+00:00,2026-02-05T05:35:00+00:00,2026-02-05T05:40:00+00:00,2092.39,2075.45,2103.01,0.6269185360094635,initial_target,97.62995987897352,0.5142423741875826,50.205462360001775,9762.995987897351,9813.201450257353
legacy_v0_2_temporal_reference,window,eth_down_high_vol,ETHUSDT,confluence:ETHUSDT:1h:pivot:low:2026-02-04T22:00:00+00:00:2085.04|b1-confirmation:ETHUSDT:15m:ob:double_3c:long:2026-02-05T05:00:00+00:00:2026-02-05T05:15:00+00:00:2026-02-05T05:30:00+00:00,limit_first_revisit,legacy_unclassified,long,2026-02-05T05:45:00+00:00,2026-02-05T05:50:00+00:00,2026-02-05T06:50:00+00:00,2107.53,2075.45,2123.93,0.5112219451371397,initial_stop,98.13201450257353,-0.9997977150091013,-98.112163868913,9813.201450257353,9715.08928638844
legacy_v0_2_temporal_reference,window,eth_down_high_vol,ETHUSDT,confluence:ETHUSDT:1h:pivot:low:2026-02-05T06:00:00+00:00:2064.1|b1-confirmation:ETHUSDT:5m:ob:double_3c:short:2026-02-05T12:40:00+00:00:2026-02-05T12:45:00+00:00:2026-02-05T12:50:00+00:00,limit_first_revisit,legacy_unclassified,short,2026-02-05T12:55:00+00:00,2026-02-05T13:00:00+00:00,2026-02-05T13:10:00+00:00,2056.81,2069.38,2050.0,0.5417661097851915,initial_stop,97.15089286388441,-0.9999550690194712,-97.14652777900878,9715.08928638844,9617.942758609432
legacy_v0_2_temporal_reference,window,btc_up,BTCUSDT,confluence:BTCUSDT:1h:pivot:high:2026-04-08T21:00:00+00:00:71733.9|b1-confirmation:BTCUSDT:5m:ob:simple_2c:long:2026-04-09T17:05:00+00:00:2026-04-09T17:10:00+00:00,limit_first_revisit,legacy_unclassified,long,2026-04-09T17:15:00+00:00,2026-04-09T17:20:00+00:00,2026-04-09T17:25:00+00:00,72440.5,72349.9,72499.9,0.6556291390727413,initial_stop,100.0,-0.9989407420135612,-99.89407420135612,10000.0,9900.105925798644
legacy_v0_2_temporal_reference,window,btc_up,BTCUSDT,confluence:BTCUSDT:1h:pivot:high:2026-04-10T15:00:00+00:00:73268|b1-confirmation:BTCUSDT:15m:ob:simple_2c:short:2026-04-10T20:15:00+00:00:2026-04-10T20:30:00+00:00,limit_first_revisit,legacy_unclassified,short,2026-04-10T20:45:00+00:00,2026-04-10T20:50:00+00:00,2026-04-10T21:15:00+00:00,73209.7,73455.0,73095.2,0.4667753770892729,initial_target,99.00105925798644,0.2669072068324194,26.4240962,9900.105925798644,9926.530021998644
legacy_v0_2_temporal_reference,window,btc_up,BTCUSDT,confluence:BTCUSDT:1h:pivot:low:2026-04-12T05:00:00+00:00:71380.1|b1-confirmation:BTCUSDT:5m:ob:double_3c:long:2026-04-12T11:40:00+00:00:2026-04-12T11:45:00+00:00:2026-04-12T11:50:00+00:00,limit_first_revisit,legacy_unclassified,long,2026-04-12T11:55:00+00:00,2026-04-12T12:05:00+00:00,2026-04-12T12:05:00+00:00,71410.0,71392.9,71450.0,2.339181286548911,initial_stop,99.26530021998644,-0.9992894871346434,-99.19477094709666,9926.530021998644,9827.335251051547
legacy_v0_2_temporal_reference,window,btc_up,BTCUSDT,confluence:BTCUSDT:1h:pivot:low:2026-04-10T07:00:00+00:00:71377.6|b1-confirmation:BTCUSDT:15m:ob:simple_2c:short:2026-04-12T20:45:00+00:00:2026-04-12T21:00:00+00:00,limit_first_revisit,legacy_unclassified,short,2026-04-12T21:15:00+00:00,2026-04-12T21:20:00+00:00,2026-04-12T21:35:00+00:00,71285.7,71418.6,71201.1,0.6365688487583575,initial_target,98.27335251051547,0.2745949858290253,26.9853698399958,9827.335251051547,9854.320620891544
legacy_v0_2_temporal_reference,window,btc_up,BTCUSDT,confluence:BTCUSDT:1h:pivot:low:2026-04-11T13:00:00+00:00:72481.3|b1-confirmation:BTCUSDT:5m:ob:simple_2c:short:2026-04-13T17:30:00+00:00:2026-04-13T17:35:00+00:00,limit_first_revisit,legacy_unclassified,short,2026-04-13T17:40:00+00:00,2026-04-13T17:45:00+00:00,2026-04-13T17:55:00+00:00,72399.9,72571.6,72316.2,0.4874781595806139,initial_target,98.54320620891544,0.22393205162429938,22.06698233999883,9854.320620891544,9876.387603231542
legacy_v0_2_temporal_reference,window,btc_up,BTCUSDT,confluence:BTCUSDT:1h:pivot:low:2026-04-14T01:00:00+00:00:73932|b1-confirmation:BTCUSDT:5m:ob:simple_2c:long:2026-04-14T19:30:00+00:00:2026-04-14T19:35:00+00:00,limit_first_revisit,legacy_unclassified,long,2026-04-14T19:40:00+00:00,2026-04-14T19:45:00+00:00,2026-04-14T19:55:00+00:00,74110.5,73975.59999999999,74215.0,0.7746478873238936,initial_target,98.76387603231542,0.3576416218055543,35.3220728,9876.387603231542,9911.709676031542
legacy_v0_2_temporal_reference,window,btc_up,BTCUSDT,confluence:BTCUSDT:1h:pivot:high:2026-04-16T13:00:00+00:00:74976.9|b1-confirmation:BTCUSDT:5m:ob:simple_2c:long:2026-04-16T20:35:00+00:00:2026-04-16T20:40:00+00:00,limit_first_revisit,legacy_unclassified,long,2026-04-16T20:45:00+00:00,2026-04-16T20:50:00+00:00,2026-04-16T20:50:00+00:00,75012.1,74962.09999999999,75058.2,0.9219999999995572,initial_target,99.11709676031542,0.1286977810784748,12.756150419993077,9911.709676031542,9924.465826451535
legacy_v0_2_temporal_reference,window,btc_up,BTCUSDT,confluence:BTCUSDT:1h:ob:simple_2c:short:2026-04-14T15:00:00+00:00:2026-04-14T16:00:00+00:00|b1-confirmation:BTCUSDT:15m:ob:double_3c:short:2026-04-16T21:45:00+00:00:2026-04-16T22:00:00+00:00:2026-04-16T22:15:00+00:00,limit_first_revisit,legacy_unclassified,short,2026-04-16T22:30:00+00:00,2026-04-16T22:35:00+00:00,2026-04-16T22:55:00+00:00,74904.1,75095.90000000001,74792.2,0.5834202294056675,initial_target,99.24465826451535,0.30638862656928845,30.40743454000324,9924.465826451535,9954.873260991539
legacy_v0_2_temporal_reference,window,btc_up,BTCUSDT,confluence:BTCUSDT:1h:pivot:high:2026-04-16T20:00:00+00:00:75506.2|b1-confirmation:BTCUSDT:5m:ob:simple_2c:long:2026-04-17T09:35:00+00:00:2026-04-17T09:40:00+00:00,limit_first_revisit,legacy_unclassified,long,2026-04-17T09:45:00+00:00,2026-04-17T09:50:00+00:00,2026-04-17T09:55:00+00:00,75673.6,75480.9,75766.6,0.4826154644524877,initial_target,99.54873260991539,0.23371605594587563,23.26613716,9954.873260991539,9978.13939815154
legacy_v0_2_temporal_reference,window,btc_range,BTCUSDT,confluence:BTCUSDT:1h:pivot:low:2026-06-09T00:00:00+00:00:62386.1|b1-confirmation:BTCUSDT:5m:ob:simple_2c:short:2026-06-09T13:25:00+00:00:2026-06-09T13:30:00+00:00,limit_first_revisit,legacy_unclassified,short,2026-06-09T13:35:00+00:00,2026-06-09T13:40:00+00:00,2026-06-09T13:40:00+00:00,62290.0,62487.3,62229.3,0.3076533198175288,initial_target,100.0,0.13745717759998882,13.745717759998882,10000.0,10013.745717759999
legacy_v0_2_temporal_reference,window,btc_range,BTCUSDT,confluence:BTCUSDT:1h:pivot:high:2026-06-10T15:00:00+00:00:62846.8|b1-confirmation:BTCUSDT:5m:ob:simple_2c:short:2026-06-11T04:25:00+00:00:2026-06-11T04:30:00+00:00,limit_first_revisit,legacy_unclassified,short,2026-06-11T04:35:00+00:00,2026-06-11T04:40:00+00:00,2026-06-11T04:40:00+00:00,62599.9,62631.1,62522.5,2.480769230769509,initial_stop,100.1374571776,-0.9998171286541966,-100.1191449060406,10013.745717759999,9913.626572853958
legacy_v0_2_temporal_reference,window,btc_range,BTCUSDT,confluence:BTCUSDT:1h:pivot:low:2026-06-16T19:00:00+00:00:65525|b1-confirmation:BTCUSDT:5m:ob:simple_2c:long:2026-06-17T01:50:00+00:00:2026-06-17T01:55:00+00:00,limit_first_revisit,legacy_unclassified,long,2026-06-17T02:00:00+00:00,2026-06-17T02:05:00+00:00,2026-06-17T02:25:00+00:00,65866.3,65791.59999999999,65922.0,0.7456492637213977,initial_target,99.13626572853958,0.20866581515832408,20.68634969999794,9913.626572853958,9934.312922553956
legacy_v0_2_temporal_reference,window,btc_range,BTCUSDT,confluence:BTCUSDT:1h:pivot:low:2026-06-16T19:00:00+00:00:65525|b1-confirmation:BTCUSDT:15m:ob:simple_2c:long:2026-06-17T02:00:00+00:00:2026-06-17T02:15:00+00:00,limit_first_revisit,legacy_unclassified,long,2026-06-17T02:30:00+00:00,2026-06-17T02:35:00+00:00,2026-06-17T02:40:00+00:00,65902.6,65805.5,65949.1,0.4788877445931742,initial_stop,99.34312922553956,-0.9987250048144753,-99.21646721406204,9934.312922553956,9835.096455339894
legacy_v0_2_temporal_reference,window,btc_range,BTCUSDT,confluence:BTCUSDT:1h:pivot:low:2026-06-12T06:00:00+00:00:62810|b1-confirmation:BTCUSDT:5m:ob:simple_2c:short:2026-06-18T16:40:00+00:00:2026-06-18T16:45:00+00:00,limit_first_revisit,legacy_unclassified,short,2026-06-18T16:50:00+00:00,2026-06-18T16:55:00+00:00,2026-06-18T17:05:00+00:00,62654.0,62778.8,62596.8,0.458333333333326,initial_target,98.35096455339894,0.17128979096948033,16.846516159998473,9835.096455339894,9851.942971499891
legacy_v0_2_temporal_reference,window,btc_range,BTCUSDT,confluence:BTCUSDT:1h:pivot:low:2026-06-20T08:00:00+00:00:63360|b1-confirmation:BTCUSDT:5m:ob:simple_2c:long:2026-06-20T15:40:00+00:00:2026-06-20T15:45:00+00:00,limit_first_revisit,legacy_unclassified,long,2026-06-20T15:50:00+00:00,2026-06-20T15:55:00+00:00,2026-06-20T16:05:00+00:00,64104.0,64045.3,64138.5,0.5877342419080359,initial_stop,98.51942971499892,-0.9992443383514404,-98.44498236032534,9851.942971499891,9753.497989139567
event_created_next_bar_open,window,eth_transition,ETHUSDT,confluence:ETHUSDT:1h:pivot:high:2025-01-03T02:00:00+00:00:3476.33|m15-m5-delivery:ETHUSDT:15m:break_retest:long:ETHUSDT:1h:pivot:high:2025-01-03T02:00:00+00:00:3476.33:2025-01-03T13:00:00+00:00:2025-01-03T13:15:00+00:00|ETHUSDT:5m:pivot:high:2025-01-03T13:25:00+00:00:3496.42|ETHUSDT:5m:ob:simple_2c:long:2025-01-03T14:10:00+00:00:2025-01-03T14:15:00+00:00,next_bar_open,event_created,long,2025-01-03T14:20:00+00:00,2025-01-03T14:20:00+00:00,2025-01-03T14:30:00+00:00,3503.04,3472.7299999999996,3511.02,0.2632794457274798,initial_target,100.0,0.19461899292000054,19.461899292000055,10000.0,10019.461899292
event_created_next_bar_open,window,eth_transition,ETHUSDT,confluence:ETHUSDT:1h:pivot:high:2025-01-09T09:00:00+00:00:3327.45|m15-m5-delivery:ETHUSDT:15m:sweep_reclaim:short:ETHUSDT:1h:pivot:high:2025-01-09T09:00:00+00:00:3327.45:2025-01-09T15:45:00+00:00|ETHUSDT:5m:pivot:low:2025-01-09T21:30:00+00:00:3206.88|ETHUSDT:5m:ob:simple_2c:short:2025-01-09T21:50:00+00:00:2025-01-09T21:55:00+00:00,next_bar_open,event_created,short,2025-01-09T22:00:00+00:00,2025-01-09T22:00:00+00:00,2025-01-09T22:05:00+00:00,3205.71,3335.01,3203.77,0.015003866976025149,initial_target,100.19461899292001,0.004959033978013839,0.4968685200000411,10019.461899292,10019.958767812
event_created_next_bar_open,window,eth_transition,ETHUSDT,confluence:ETHUSDT:1h:pivot:low:2025-01-12T01:00:00+00:00:3272.61|m15-m5-delivery:ETHUSDT:15m:break_retest:short:ETHUSDT:1h:pivot:low:2025-01-12T01:00:00+00:00:3272.61:2025-01-12T06:15:00+00:00:2025-01-12T06:30:00+00:00|ETHUSDT:5m:pivot:low:2025-01-12T14:25:00+00:00:3268.6|ETHUSDT:5m:ob:simple_2c:short:2025-01-12T14:50:00+00:00:2025-01-12T14:55:00+00:00,next_bar_open,event_created,short,2025-01-12T15:00:00+00:00,2025-01-12T15:00:00+00:00,2025-01-12T15:20:00+00:00,3268.0,3273.4900000000002,3263.7,0.7832422586520941,initial_stop,100.19958767812001,-0.999941057043278,-100.19368161815993,10019.958767812,9919.76508619384
event_created_next_bar_open,window,eth_up,ETHUSDT,confluence:ETHUSDT:1h:ob:simple_2c:long:2025-07-11T07:00:00+00:00:2025-07-11T08:00:00+00:00|m15-m5-delivery:ETHUSDT:15m:sweep_reclaim:long:ETHUSDT:1h:pivot:low:2025-07-11T11:00:00+00:00:2968.48:2025-07-11T15:00:00+00:00|ETHUSDT:5m:pivot:high:2025-07-11T15:20:00+00:00:2988.11|ETHUSDT:5m:ob:simple_2c:long:2025-07-11T15:30:00+00:00:2025-07-11T15:35:00+00:00,next_bar_open,event_created,long,2025-07-11T15:40:00+00:00,2025-07-11T15:40:00+00:00,2025-07-11T15:55:00+00:00,2988.79,2965.7999999999997,2995.53,0.2931709438886545,initial_stop,100.0,-0.999980821846085,-99.9980821846085,10000.0,9900.00191781539
event_created_next_bar_open,window,eth_up,ETHUSDT,confluence:ETHUSDT:15m:ob:simple_2c:long:2025-07-20T02:15:00+00:00:2025-07-20T02:30:00+00:00|m15-m5-delivery:ETHUSDT:15m:break_retest:long:ETHUSDT:1h:pivot:high:2025-07-19T04:00:00+00:00:3609.1:2025-07-20T02:30:00+00:00:2025-07-20T03:15:00+00:00|ETHUSDT:5m:pivot:high:2025-07-20T05:55:00+00:00:3653.25|ETHUSDT:5m:ob:simple_2c:long:2025-07-20T06:35:00+00:00:2025-07-20T06:40:00+00:00,next_bar_open,event_created,long,2025-07-20T06:45:00+00:00,2025-07-20T06:45:00+00:00,2025-07-20T07:20:00+00:00,3656.14,3607.75,3662.64,0.13432527381690468,initial_target,99.0000191781539,0.096807782579853,9.583972332,9900.00191781539,9909.585890147391
event_created_next_bar_open,window,eth_up,ETHUSDT,confluence:ETHUSDT:1h:pivot:high:2025-07-20T03:00:00+00:00:3695|m15-m5-delivery:ETHUSDT:15m:break_retest:long:ETHUSDT:1h:pivot:high:2025-07-20T03:00:00+00:00:3695:2025-07-20T08:30:00+00:00:2025-07-20T09:15:00+00:00|ETHUSDT:5m:pivot:high:2025-07-20T14:35:00+00:00:3752.91|ETHUSDT:5m:ob:simple_2c:long:2025-07-20T14:50:00+00:00:2025-07-20T14:55:00+00:00,next_bar_open,event_created,long,2025-07-20T15:00:00+00:00,2025-07-20T15:00:00+00:00,2025-07-20T15:35:00+00:00,3767.8,3694.3399999999997,3771.37,0.04859787639531289,initial_target,99.09585890147392,0.026719796097960293,2.6478211439996264,9909.585890147391,9912.23371129139
event_created_next_bar_open,window,btc_down_high_vol,BTCUSDT,confluence:BTCUSDT:1h:pivot:low:2026-01-25T08:00:00+00:00:88100|m15-m5-delivery:BTCUSDT:15m:break_retest:short:BTCUSDT:1h:pivot:low:2026-01-25T08:00:00+00:00:88100:2026-01-25T16:00:00+00:00:2026-01-25T16:30:00+00:00|BTCUSDT:5m:pivot:low:2026-01-25T17:10:00+00:00:87779.9|BTCUSDT:5m:ob:simple_2c:short:2026-01-25T17:25:00+00:00:2026-01-25T17:30:00+00:00,next_bar_open,event_created,short,2026-01-25T17:35:00+00:00,2026-01-25T17:35:00+00:00,2026-01-25T18:15:00+00:00,87760.4,88103.70000000001,87477.0,0.825517040489309,initial_target,100.0,0.5736943211999865,57.36943211999865,10000.0,10057.369432119998
event_created_next_bar_open,window,eth_down_high_vol,ETHUSDT,confluence:ETHUSDT:1h:pivot:low:2026-02-01T10:00:00+00:00:2374.61|m15-m5-delivery:ETHUSDT:15m:break_retest:short:ETHUSDT:1h:pivot:low:2026-02-01T10:00:00+00:00:2374.61:2026-02-01T14:15:00+00:00:2026-02-01T14:45:00+00:00|ETHUSDT:5m:pivot:low:2026-02-01T19:55:00+00:00:2304.56|ETHUSDT:5m:ob:simple_2c:short:2026-02-01T20:20:00+00:00:2026-02-01T20:25:00+00:00,next_bar_open,event_created,short,2026-02-01T20:30:00+00:00,2026-02-01T20:30:00+00:00,2026-02-01T21:10:00+00:00,2299.55,2386.75,2296.16,0.03887614678899466,initial_target,100.0,0.027574775280003655,2.7574775280003654,10000.0,10002.757477528
event_created_next_bar_open,window,eth_down_high_vol,ETHUSDT,confluence:ETHUSDT:1h:pivot:low:2026-02-02T20:00:00+00:00:2311.2|m15-m5-delivery:ETHUSDT:15m:break_retest:short:ETHUSDT:1h:pivot:low:2026-02-02T20:00:00+00:00:2311.2:2026-02-03T09:00:00+00:00:2026-02-03T13:30:00+00:00|ETHUSDT:5m:pivot:low:2026-02-03T13:50:00+00:00:2301.86|ETHUSDT:5m:ob:double_3c:short:2026-02-03T14:05:00+00:00:2026-02-03T14:10:00+00:00:2026-02-03T14:15:00+00:00,next_bar_open,event_created,short,2026-02-03T14:20:00+00:00,2026-02-03T14:20:00+00:00,2026-02-03T14:35:00+00:00,2299.75,2313.8100000000004,2294.44,0.37766714082502095,initial_target,100.02757477528002,0.26818213595866486,26.825608657999663,10002.757477528,10029.583086186001
event_created_next_bar_open,window,btc_up,BTCUSDT,confluence:BTCUSDT:1h:pivot:high:2026-04-09T17:00:00+00:00:72541.1|m15-m5-delivery:BTCUSDT:15m:sweep_reclaim:short:BTCUSDT:1h:pivot:high:2026-04-09T17:00:00+00:00:72541.1:2026-04-09T21:00:00+00:00|BTCUSDT:5m:pivot:low:2026-04-09T20:50:00+00:00:72266.3|BTCUSDT:5m:ob:simple_2c:short:2026-04-09T21:20:00+00:00:2026-04-09T21:25:00+00:00,next_bar_open,event_created,short,2026-04-09T21:30:00+00:00,2026-04-09T21:30:00+00:00,2026-04-09T22:20:00+00:00,72152.1,72698.1,72075.1,0.14102564102564102,initial_stop,100.0,-0.9959421742729135,-99.59421742729135,10000.0,9900.405782572709
event_created_next_bar_open,window,btc_range,BTCUSDT,confluence:BTCUSDT:1h:pivot:low:2026-06-08T20:00:00+00:00:63065.9|m15-m5-delivery:BTCUSDT:15m:break_retest:short:BTCUSDT:1h:pivot:low:2026-06-08T20:00:00+00:00:63065.9:2026-06-08T23:45:00+00:00:2026-06-09T00:00:00+00:00|BTCUSDT:5m:pivot:low:2026-06-08T23:45:00+00:00:62939|BTCUSDT:5m:ob:simple_2c:short:2026-06-09T00:15:00+00:00:2026-06-09T00:20:00+00:00,next_bar_open,event_created,short,2026-06-09T00:25:00+00:00,2026-06-09T00:25:00+00:00,2026-06-09T00:30:00+00:00,62856.1,63155.299999999996,62694.8,0.539104278074857,initial_target,100.0,0.37588390319998793,37.588390319998794,10000.0,10037.58839032
event_created_next_bar_open,window,btc_range,BTCUSDT,confluence:BTCUSDT:1h:pivot:high:2026-06-10T15:00:00+00:00:62846.8|m15-m5-delivery:BTCUSDT:15m:sweep_reclaim:short:BTCUSDT:1h:pivot:high:2026-06-10T15:00:00+00:00:62846.8:2026-06-11T03:45:00+00:00|BTCUSDT:5m:pivot:low:2026-06-11T04:10:00+00:00:62553.2|BTCUSDT:5m:ob:simple_2c:short:2026-06-11T04:25:00+00:00:2026-06-11T04:30:00+00:00,next_bar_open,event_created,short,2026-06-11T04:35:00+00:00,2026-06-11T04:35:00+00:00,2026-06-11T06:25:00+00:00,62527.4,63023.299999999996,62350.5,0.35672514619883755,initial_stop,100.37588390319999,-0.9965627930803553,-100.03087122048247,10037.58839032,9937.557519099517
event_created_next_bar_open,global,eth_transition,ETHUSDT,confluence:ETHUSDT:1h:pivot:high:2025-01-03T02:00:00+00:00:3476.33|m15-m5-delivery:ETHUSDT:15m:break_retest:long:ETHUSDT:1h:pivot:high:2025-01-03T02:00:00+00:00:3476.33:2025-01-03T13:00:00+00:00:2025-01-03T13:15:00+00:00|ETHUSDT:5m:pivot:high:2025-01-03T13:25:00+00:00:3496.42|ETHUSDT:5m:ob:simple_2c:long:2025-01-03T14:10:00+00:00:2025-01-03T14:15:00+00:00,next_bar_open,event_created,long,2025-01-03T14:20:00+00:00,2025-01-03T14:20:00+00:00,2025-01-03T14:30:00+00:00,3503.04,3472.7299999999996,3511.02,0.2632794457274798,initial_target,100.0,0.19461899292000054,19.461899292000055,10000.0,10019.461899292
event_created_next_bar_open,global,eth_transition,ETHUSDT,confluence:ETHUSDT:1h:pivot:high:2025-01-09T09:00:00+00:00:3327.45|m15-m5-delivery:ETHUSDT:15m:sweep_reclaim:short:ETHUSDT:1h:pivot:high:2025-01-09T09:00:00+00:00:3327.45:2025-01-09T15:45:00+00:00|ETHUSDT:5m:pivot:low:2025-01-09T21:30:00+00:00:3206.88|ETHUSDT:5m:ob:simple_2c:short:2025-01-09T21:50:00+00:00:2025-01-09T21:55:00+00:00,next_bar_open,event_created,short,2025-01-09T22:00:00+00:00,2025-01-09T22:00:00+00:00,2025-01-09T22:05:00+00:00,3205.71,3335.01,3203.77,0.015003866976025149,initial_target,100.19461899292001,0.004959033978013839,0.4968685200000411,10019.461899292,10019.958767812
event_created_next_bar_open,global,eth_transition,ETHUSDT,confluence:ETHUSDT:1h:pivot:low:2025-01-12T01:00:00+00:00:3272.61|m15-m5-delivery:ETHUSDT:15m:break_retest:short:ETHUSDT:1h:pivot:low:2025-01-12T01:00:00+00:00:3272.61:2025-01-12T06:15:00+00:00:2025-01-12T06:30:00+00:00|ETHUSDT:5m:pivot:low:2025-01-12T14:25:00+00:00:3268.6|ETHUSDT:5m:ob:simple_2c:short:2025-01-12T14:50:00+00:00:2025-01-12T14:55:00+00:00,next_bar_open,event_created,short,2025-01-12T15:00:00+00:00,2025-01-12T15:00:00+00:00,2025-01-12T15:20:00+00:00,3268.0,3273.4900000000002,3263.7,0.7832422586520941,initial_stop,100.19958767812001,-0.999941057043278,-100.19368161815993,10019.958767812,9919.76508619384
event_created_next_bar_open,global,eth_up,ETHUSDT,confluence:ETHUSDT:1h:ob:simple_2c:long:2025-07-11T07:00:00+00:00:2025-07-11T08:00:00+00:00|m15-m5-delivery:ETHUSDT:15m:sweep_reclaim:long:ETHUSDT:1h:pivot:low:2025-07-11T11:00:00+00:00:2968.48:2025-07-11T15:00:00+00:00|ETHUSDT:5m:pivot:high:2025-07-11T15:20:00+00:00:2988.11|ETHUSDT:5m:ob:simple_2c:long:2025-07-11T15:30:00+00:00:2025-07-11T15:35:00+00:00,next_bar_open,event_created,long,2025-07-11T15:40:00+00:00,2025-07-11T15:40:00+00:00,2025-07-11T15:55:00+00:00,2988.79,2965.7999999999997,2995.53,0.2931709438886545,initial_stop,99.1976508619384,-0.9999563499486503,-99.19332087938452,9919.76508619384,9820.571765314455
event_created_next_bar_open,global,eth_up,ETHUSDT,confluence:ETHUSDT:15m:ob:simple_2c:long:2025-07-20T02:15:00+00:00:2025-07-20T02:30:00+00:00|m15-m5-delivery:ETHUSDT:15m:break_retest:long:ETHUSDT:1h:pivot:high:2025-07-19T04:00:00+00:00:3609.1:2025-07-20T02:30:00+00:00:2025-07-20T03:15:00+00:00|ETHUSDT:5m:pivot:high:2025-07-20T05:55:00+00:00:3653.25|ETHUSDT:5m:ob:simple_2c:long:2025-07-20T06:35:00+00:00:2025-07-20T06:40:00+00:00,next_bar_open,event_created,long,2025-07-20T06:45:00+00:00,2025-07-20T06:45:00+00:00,2025-07-20T07:20:00+00:00,3656.14,3607.75,3662.64,0.13432527381690468,initial_target,98.20571765314455,0.09682153849313621,9.508428672,9820.571765314455,9830.080193986454
event_created_next_bar_open,global,eth_up,ETHUSDT,confluence:ETHUSDT:1h:pivot:high:2025-07-20T03:00:00+00:00:3695|m15-m5-delivery:ETHUSDT:15m:break_retest:long:ETHUSDT:1h:pivot:high:2025-07-20T03:00:00+00:00:3695:2025-07-20T08:30:00+00:00:2025-07-20T09:15:00+00:00|ETHUSDT:5m:pivot:high:2025-07-20T14:35:00+00:00:3752.91|ETHUSDT:5m:ob:simple_2c:long:2025-07-20T14:50:00+00:00:2025-07-20T14:55:00+00:00,next_bar_open,event_created,long,2025-07-20T15:00:00+00:00,2025-07-20T15:00:00+00:00,2025-07-20T15:35:00+00:00,3767.8,3694.3399999999997,3771.37,0.04859787639531289,initial_target,98.30080193986454,0.026705146511475625,2.62513731799963,9830.080193986454,9832.705331304454
event_created_next_bar_open,global,btc_down_high_vol,BTCUSDT,confluence:BTCUSDT:1h:pivot:low:2026-01-25T08:00:00+00:00:88100|m15-m5-delivery:BTCUSDT:15m:break_retest:short:BTCUSDT:1h:pivot:low:2026-01-25T08:00:00+00:00:88100:2026-01-25T16:00:00+00:00:2026-01-25T16:30:00+00:00|BTCUSDT:5m:pivot:low:2026-01-25T17:10:00+00:00:87779.9|BTCUSDT:5m:ob:simple_2c:short:2026-01-25T17:25:00+00:00:2026-01-25T17:30:00+00:00,next_bar_open,event_created,short,2026-01-25T17:35:00+00:00,2026-01-25T17:35:00+00:00,2026-01-25T18:15:00+00:00,87760.4,88103.70000000001,87477.0,0.825517040489309,initial_target,98.32705331304454,0.5733520952826069,56.37602203999868,9832.705331304454,9889.081353344453
event_created_next_bar_open,global,eth_down_high_vol,ETHUSDT,confluence:ETHUSDT:1h:pivot:low:2026-02-01T10:00:00+00:00:2374.61|m15-m5-delivery:ETHUSDT:15m:break_retest:short:ETHUSDT:1h:pivot:low:2026-02-01T10:00:00+00:00:2374.61:2026-02-01T14:15:00+00:00:2026-02-01T14:45:00+00:00|ETHUSDT:5m:pivot:low:2026-02-01T19:55:00+00:00:2304.56|ETHUSDT:5m:ob:simple_2c:short:2026-02-01T20:20:00+00:00:2026-02-01T20:25:00+00:00,next_bar_open,event_created,short,2026-02-01T20:30:00+00:00,2026-02-01T20:30:00+00:00,2026-02-01T21:10:00+00:00,2299.55,2386.75,2296.16,0.03887614678899466,initial_target,98.89081353344453,0.027584232898213743,2.7278272320003616,9889.081353344453,9891.809180576452
event_created_next_bar_open,global,eth_down_high_vol,ETHUSDT,confluence:ETHUSDT:1h:pivot:low:2026-02-02T20:00:00+00:00:2311.2|m15-m5-delivery:ETHUSDT:15m:break_retest:short:ETHUSDT:1h:pivot:low:2026-02-02T20:00:00+00:00:2311.2:2026-02-03T09:00:00+00:00:2026-02-03T13:30:00+00:00|ETHUSDT:5m:pivot:low:2026-02-03T13:50:00+00:00:2301.86|ETHUSDT:5m:ob:double_3c:short:2026-02-03T14:05:00+00:00:2026-02-03T14:10:00+00:00:2026-02-03T14:15:00+00:00,next_bar_open,event_created,short,2026-02-03T14:20:00+00:00,2026-02-03T14:20:00+00:00,2026-02-03T14:35:00+00:00,2299.75,2313.8100000000004,2294.44,0.37766714082502095,initial_target,98.91809180576453,0.26821585737922143,26.53140080399967,9891.809180576452,9918.340581380453
event_created_next_bar_open,global,btc_up,BTCUSDT,confluence:BTCUSDT:1h:pivot:high:2026-04-09T17:00:00+00:00:72541.1|m15-m5-delivery:BTCUSDT:15m:sweep_reclaim:short:BTCUSDT:1h:pivot:high:2026-04-09T17:00:00+00:00:72541.1:2026-04-09T21:00:00+00:00|BTCUSDT:5m:pivot:low:2026-04-09T20:50:00+00:00:72266.3|BTCUSDT:5m:ob:simple_2c:short:2026-04-09T21:20:00+00:00:2026-04-09T21:25:00+00:00,next_bar_open,event_created,short,2026-04-09T21:30:00+00:00,2026-04-09T21:30:00+00:00,2026-04-09T22:20:00+00:00,72152.1,72698.1,72075.1,0.14102564102564102,initial_stop,99.18340581380453,-0.9979050325144586,-98.97561980351935,9918.340581380453,9819.364961576934
event_created_next_bar_open,global,btc_range,BTCUSDT,confluence:BTCUSDT:1h:pivot:low:2026-06-08T20:00:00+00:00:63065.9|m15-m5-delivery:BTCUSDT:15m:break_retest:short:BTCUSDT:1h:pivot:low:2026-06-08T20:00:00+00:00:63065.9:2026-06-08T23:45:00+00:00:2026-06-09T00:00:00+00:00|BTCUSDT:5m:pivot:low:2026-06-08T23:45:00+00:00:62939|BTCUSDT:5m:ob:simple_2c:short:2026-06-09T00:15:00+00:00:2026-06-09T00:20:00+00:00,next_bar_open,event_created,short,2026-06-09T00:25:00+00:00,2026-06-09T00:25:00+00:00,2026-06-09T00:30:00+00:00,62856.1,63155.299999999996,62694.8,0.539104278074857,initial_target,98.19364961576935,0.3758638299362252,36.907441219998816,9819.364961576934,9856.272402796933
event_created_next_bar_open,global,btc_range,BTCUSDT,confluence:BTCUSDT:1h:pivot:high:2026-06-10T15:00:00+00:00:62846.8|m15-m5-delivery:BTCUSDT:15m:sweep_reclaim:short:BTCUSDT:1h:pivot:high:2026-06-10T15:00:00+00:00:62846.8:2026-06-11T03:45:00+00:00|BTCUSDT:5m:pivot:low:2026-06-11T04:10:00+00:00:62553.2|BTCUSDT:5m:ob:simple_2c:short:2026-06-11T04:25:00+00:00:2026-06-11T04:30:00+00:00,next_bar_open,event_created,short,2026-06-11T04:35:00+00:00,2026-06-11T04:35:00+00:00,2026-06-11T06:25:00+00:00,62527.4,63023.299999999996,62350.5,0.35672514619883755,initial_stop,98.56272402796932,-0.9978861394312142,-98.35437617209448,9856.272402796933,9757.918026624839
event_created_first_revisit,window,eth_transition,ETHUSDT,confluence:ETHUSDT:1h:pivot:high:2025-01-09T09:00:00+00:00:3327.45|m15-m5-delivery:ETHUSDT:15m:sweep_reclaim:short:ETHUSDT:1h:pivot:high:2025-01-09T09:00:00+00:00:3327.45:2025-01-09T15:45:00+00:00|ETHUSDT:5m:pivot:low:2025-01-09T21:30:00+00:00:3206.88|ETHUSDT:5m:ob:simple_2c:short:2025-01-09T21:50:00+00:00:2025-01-09T21:55:00+00:00,limit_first_revisit,event_created,short,2025-01-09T22:00:00+00:00,2025-01-09T22:05:00+00:00,2025-01-09T22:10:00+00:00,3206.68,3335.01,3203.77,0.022675913660093867,initial_target,100.0,0.012355836899998895,1.2355836899998895,10000.0,10001.23558369
event_created_first_revisit,window,eth_transition,ETHUSDT,confluence:ETHUSDT:1h:pivot:low:2025-01-12T01:00:00+00:00:3272.61|m15-m5-delivery:ETHUSDT:15m:break_retest:short:ETHUSDT:1h:pivot:low:2025-01-12T01:00:00+00:00:3272.61:2025-01-12T06:15:00+00:00:2025-01-12T06:30:00+00:00|ETHUSDT:5m:pivot:low:2025-01-12T14:25:00+00:00:3268.6|ETHUSDT:5m:ob:simple_2c:short:2025-01-12T14:50:00+00:00:2025-01-12T14:55:00+00:00,limit_first_revisit,event_created,short,2025-01-12T15:00:00+00:00,2025-01-12T15:05:00+00:00,2025-01-12T15:20:00+00:00,3268.14,3273.4900000000002,3263.7,0.8299065420560285,initial_stop,100.01235583690001,-0.9999502784989535,-100.0073830724446,10001.23558369,9901.228200617556
event_created_first_revisit,window,eth_up,ETHUSDT,confluence:ETHUSDT:1h:ob:simple_2c:long:2025-07-11T07:00:00+00:00:2025-07-11T08:00:00+00:00|m15-m5-delivery:ETHUSDT:15m:sweep_reclaim:long:ETHUSDT:1h:pivot:low:2025-07-11T11:00:00+00:00:2968.48:2025-07-11T15:00:00+00:00|ETHUSDT:5m:pivot:high:2025-07-11T15:20:00+00:00:2988.11|ETHUSDT:5m:ob:simple_2c:long:2025-07-11T15:30:00+00:00:2025-07-11T15:35:00+00:00,limit_first_revisit,event_created,long,2025-07-11T15:40:00+00:00,2025-07-11T15:45:00+00:00,2025-07-11T15:55:00+00:00,2984.34,2965.7999999999997,2995.53,0.6035598705501511,initial_stop,100.0,-0.9999604813149747,-99.99604813149747,10000.0,9900.003951868503
event_created_first_revisit,window,eth_up,ETHUSDT,confluence:ETHUSDT:15m:ob:simple_2c:long:2025-07-20T02:15:00+00:00:2025-07-20T02:30:00+00:00|m15-m5-delivery:ETHUSDT:15m:break_retest:long:ETHUSDT:1h:pivot:high:2025-07-19T04:00:00+00:00:3609.1:2025-07-20T02:30:00+00:00:2025-07-20T03:15:00+00:00|ETHUSDT:5m:pivot:high:2025-07-20T05:55:00+00:00:3653.25|ETHUSDT:5m:ob:simple_2c:long:2025-07-20T06:35:00+00:00:2025-07-20T06:40:00+00:00,limit_first_revisit,event_created,long,2025-07-20T06:45:00+00:00,2025-07-20T07:00:00+00:00,2025-07-20T07:20:00+00:00,3651.5,3607.75,3662.64,0.25462857142856854,initial_target,99.00003951868503,0.20429577178282296,20.22528947999973,9900.003951868503,9920.229241348503
event_created_first_revisit,window,eth_up,ETHUSDT,confluence:ETHUSDT:1h:pivot:high:2025-07-20T03:00:00+00:00:3695|m15-m5-delivery:ETHUSDT:15m:break_retest:long:ETHUSDT:1h:pivot:high:2025-07-20T03:00:00+00:00:3695:2025-07-20T08:30:00+00:00:2025-07-20T09:15:00+00:00|ETHUSDT:5m:pivot:high:2025-07-20T14:35:00+00:00:3752.91|ETHUSDT:5m:ob:simple_2c:long:2025-07-20T14:50:00+00:00:2025-07-20T14:55:00+00:00,limit_first_revisit,event_created,long,2025-07-20T15:00:00+00:00,2025-07-20T15:25:00+00:00,2025-07-20T15:35:00+00:00,3748.95,3694.3399999999997,3771.37,0.4105475187694565,initial_target,99.20229241348503,0.35864097764704317,35.578007136000124,9920.229241348503,9955.807248484503
event_created_first_revisit,window,btc_down_high_vol,BTCUSDT,confluence:BTCUSDT:1h:pivot:low:2026-01-25T08:00:00+00:00:88100|m15-m5-delivery:BTCUSDT:15m:break_retest:short:BTCUSDT:1h:pivot:low:2026-01-25T08:00:00+00:00:88100:2026-01-25T16:00:00+00:00:2026-01-25T16:30:00+00:00|BTCUSDT:5m:pivot:low:2026-01-25T17:10:00+00:00:87779.9|BTCUSDT:5m:ob:simple_2c:short:2026-01-25T17:25:00+00:00:2026-01-25T17:30:00+00:00,limit_first_revisit,event_created,short,2026-01-25T17:35:00+00:00,2026-01-25T17:40:00+00:00,2026-01-25T18:15:00+00:00,87807.2,88103.70000000001,87477.0,1.113659359190492,initial_target,100.0,0.7673722159999925,76.73722159999924,10000.0,10076.737221599999
event_created_first_revisit,window,eth_down_high_vol,ETHUSDT,confluence:ETHUSDT:1h:pivot:low:2026-02-01T10:00:00+00:00:2374.61|m15-m5-delivery:ETHUSDT:15m:break_retest:short:ETHUSDT:1h:pivot:low:2026-02-01T10:00:00+00:00:2374.61:2026-02-01T14:15:00+00:00:2026-02-01T14:45:00+00:00|ETHUSDT:5m:pivot:low:2026-02-01T19:55:00+00:00:2304.56|ETHUSDT:5m:ob:simple_2c:short:2026-02-01T20:20:00+00:00:2026-02-01T20:25:00+00:00,limit_first_revisit,event_created,short,2026-02-01T20:30:00+00:00,2026-02-01T20:40:00+00:00,2026-02-01T21:10:00+00:00,2320.7,2386.75,2296.16,0.37153671461014226,initial_target,100.0,0.3450389350799995,34.50389350799995,10000.0,10034.503893508
event_created_first_revisit,window,eth_down_high_vol,ETHUSDT,confluence:ETHUSDT:1h:pivot:low:2026-02-02T20:00:00+00:00:2311.2|m15-m5-delivery:ETHUSDT:15m:break_retest:short:ETHUSDT:1h:pivot:low:2026-02-02T20:00:00+00:00:2311.2:2026-02-03T09:00:00+00:00:2026-02-03T13:30:00+00:00|ETHUSDT:5m:pivot:low:2026-02-03T13:50:00+00:00:2301.86|ETHUSDT:5m:ob:double_3c:short:2026-02-03T14:05:00+00:00:2026-02-03T14:10:00+00:00:2026-02-03T14:15:00+00:00,limit_first_revisit,event_created,short,2026-02-03T14:20:00+00:00,2026-02-03T14:30:00+00:00,2026-02-03T14:35:00+00:00,2309.2,2313.8100000000004,2294.44,3.201735357917115,initial_stop,100.34503893508,0.09950329689718314,9.984662201316667,10034.503893508,10044.488555709317
event_created_first_revisit,window,btc_up,BTCUSDT,confluence:BTCUSDT:1h:pivot:high:2026-04-09T17:00:00+00:00:72541.1|m15-m5-delivery:BTCUSDT:15m:sweep_reclaim:short:BTCUSDT:1h:pivot:high:2026-04-09T17:00:00+00:00:72541.1:2026-04-09T21:00:00+00:00|BTCUSDT:5m:pivot:low:2026-04-09T20:50:00+00:00:72266.3|BTCUSDT:5m:ob:simple_2c:short:2026-04-09T21:20:00+00:00:2026-04-09T21:25:00+00:00,limit_first_revisit,event_created,short,2026-04-09T21:30:00+00:00,2026-04-09T21:40:00+00:00,2026-04-09T22:20:00+00:00,72253.0,72698.1,72075.1,0.3996854639406692,initial_stop,100.0,-0.9991953612799633,-99.91953612799634,10000.0,9900.080463872004
event_created_first_revisit,window,btc_range,BTCUSDT,confluence:BTCUSDT:1h:pivot:high:2026-06-10T15:00:00+00:00:62846.8|m15-m5-delivery:BTCUSDT:15m:sweep_reclaim:short:BTCUSDT:1h:pivot:high:2026-06-10T15:00:00+00:00:62846.8:2026-06-11T03:45:00+00:00|BTCUSDT:5m:pivot:low:2026-06-11T04:10:00+00:00:62553.2|BTCUSDT:5m:ob:simple_2c:short:2026-06-11T04:25:00+00:00:2026-06-11T04:30:00+00:00,limit_first_revisit,event_created,short,2026-06-11T04:35:00+00:00,2026-06-11T04:40:00+00:00,2026-06-11T06:05:00+00:00,62599.9,63023.299999999996,62350.5,0.5890410958904225,volume_spike,100.0,0.03927381352281849,3.9273813522818486,10000.0,10003.927381352281
event_created_first_revisit,global,eth_transition,ETHUSDT,confluence:ETHUSDT:1h:pivot:high:2025-01-09T09:00:00+00:00:3327.45|m15-m5-delivery:ETHUSDT:15m:sweep_reclaim:short:ETHUSDT:1h:pivot:high:2025-01-09T09:00:00+00:00:3327.45:2025-01-09T15:45:00+00:00|ETHUSDT:5m:pivot:low:2025-01-09T21:30:00+00:00:3206.88|ETHUSDT:5m:ob:simple_2c:short:2025-01-09T21:50:00+00:00:2025-01-09T21:55:00+00:00,limit_first_revisit,event_created,short,2025-01-09T22:00:00+00:00,2025-01-09T22:05:00+00:00,2025-01-09T22:10:00+00:00,3206.68,3335.01,3203.77,0.022675913660093867,initial_target,100.0,0.012355836899998895,1.2355836899998895,10000.0,10001.23558369
event_created_first_revisit,global,eth_transition,ETHUSDT,confluence:ETHUSDT:1h:pivot:low:2025-01-12T01:00:00+00:00:3272.61|m15-m5-delivery:ETHUSDT:15m:break_retest:short:ETHUSDT:1h:pivot:low:2025-01-12T01:00:00+00:00:3272.61:2025-01-12T06:15:00+00:00:2025-01-12T06:30:00+00:00|ETHUSDT:5m:pivot:low:2025-01-12T14:25:00+00:00:3268.6|ETHUSDT:5m:ob:simple_2c:short:2025-01-12T14:50:00+00:00:2025-01-12T14:55:00+00:00,limit_first_revisit,event_created,short,2025-01-12T15:00:00+00:00,2025-01-12T15:05:00+00:00,2025-01-12T15:20:00+00:00,3268.14,3273.4900000000002,3263.7,0.8299065420560285,initial_stop,100.01235583690001,-0.9999502784989535,-100.0073830724446,10001.23558369,9901.228200617556
event_created_first_revisit,global,eth_up,ETHUSDT,confluence:ETHUSDT:1h:ob:simple_2c:long:2025-07-11T07:00:00+00:00:2025-07-11T08:00:00+00:00|m15-m5-delivery:ETHUSDT:15m:sweep_reclaim:long:ETHUSDT:1h:pivot:low:2025-07-11T11:00:00+00:00:2968.48:2025-07-11T15:00:00+00:00|ETHUSDT:5m:pivot:high:2025-07-11T15:20:00+00:00:2988.11|ETHUSDT:5m:ob:simple_2c:long:2025-07-11T15:30:00+00:00:2025-07-11T15:35:00+00:00,limit_first_revisit,event_created,long,2025-07-11T15:40:00+00:00,2025-07-11T15:45:00+00:00,2025-07-11T15:55:00+00:00,2984.34,2965.7999999999997,2995.53,0.6035598705501511,initial_stop,99.01228200617555,-0.9999428871716971,-99.00662713471345,9901.228200617556,9802.221573482842
event_created_first_revisit,global,eth_up,ETHUSDT,confluence:ETHUSDT:15m:ob:simple_2c:long:2025-07-20T02:15:00+00:00:2025-07-20T02:30:00+00:00|m15-m5-delivery:ETHUSDT:15m:break_retest:long:ETHUSDT:1h:pivot:high:2025-07-19T04:00:00+00:00:3609.1:2025-07-20T02:30:00+00:00:2025-07-20T03:15:00+00:00|ETHUSDT:5m:pivot:high:2025-07-20T05:55:00+00:00:3653.25|ETHUSDT:5m:ob:simple_2c:long:2025-07-20T06:35:00+00:00:2025-07-20T06:40:00+00:00,limit_first_revisit,event_created,long,2025-07-20T06:45:00+00:00,2025-07-20T07:00:00+00:00,2025-07-20T07:20:00+00:00,3651.5,3607.75,3662.64,0.25462857142856854,initial_target,98.02221573482842,0.20426052112680068,20.022068867999735,9802.221573482842,9822.243642350842
event_created_first_revisit,global,eth_up,ETHUSDT,confluence:ETHUSDT:1h:pivot:high:2025-07-20T03:00:00+00:00:3695|m15-m5-delivery:ETHUSDT:15m:break_retest:long:ETHUSDT:1h:pivot:high:2025-07-20T03:00:00+00:00:3695:2025-07-20T08:30:00+00:00:2025-07-20T09:15:00+00:00|ETHUSDT:5m:pivot:high:2025-07-20T14:35:00+00:00:3752.91|ETHUSDT:5m:ob:simple_2c:long:2025-07-20T14:50:00+00:00:2025-07-20T14:55:00+00:00,limit_first_revisit,event_created,long,2025-07-20T15:00:00+00:00,2025-07-20T15:25:00+00:00,2025-07-20T15:35:00+00:00,3748.95,3694.3399999999997,3771.37,0.4105475187694565,initial_target,98.22243642350843,0.3585986817933385,35.22243622400012,9822.243642350842,9857.466078574842
event_created_first_revisit,global,btc_down_high_vol,BTCUSDT,confluence:BTCUSDT:1h:pivot:low:2026-01-25T08:00:00+00:00:88100|m15-m5-delivery:BTCUSDT:15m:break_retest:short:BTCUSDT:1h:pivot:low:2026-01-25T08:00:00+00:00:88100:2026-01-25T16:00:00+00:00:2026-01-25T16:30:00+00:00|BTCUSDT:5m:pivot:low:2026-01-25T17:10:00+00:00:87779.9|BTCUSDT:5m:ob:simple_2c:short:2026-01-25T17:25:00+00:00:2026-01-25T17:30:00+00:00,limit_first_revisit,event_created,short,2026-01-25T17:35:00+00:00,2026-01-25T17:40:00+00:00,2026-01-25T18:15:00+00:00,87807.2,88103.70000000001,87477.0,1.113659359190492,initial_target,98.57466078574842,0.7664915948756982,75.55664895999925,9857.466078574842,9933.02272753484
event_created_first_revisit,global,eth_down_high_vol,ETHUSDT,confluence:ETHUSDT:1h:pivot:low:2026-02-01T10:00:00+00:00:2374.61|m15-m5-delivery:ETHUSDT:15m:break_retest:short:ETHUSDT:1h:pivot:low:2026-02-01T10:00:00+00:00:2374.61:2026-02-01T14:15:00+00:00:2026-02-01T14:45:00+00:00|ETHUSDT:5m:pivot:low:2026-02-01T19:55:00+00:00:2304.56|ETHUSDT:5m:ob:simple_2c:short:2026-02-01T20:20:00+00:00:2026-02-01T20:25:00+00:00,limit_first_revisit,event_created,short,2026-02-01T20:30:00+00:00,2026-02-01T20:40:00+00:00,2026-02-01T21:10:00+00:00,2320.7,2386.75,2296.16,0.37153671461014226,initial_target,99.3302272753484,0.3449879071856755,34.26772722799995,9933.02272753484,9967.29045476284
event_created_first_revisit,global,eth_down_high_vol,ETHUSDT,confluence:ETHUSDT:1h:pivot:low:2026-02-02T20:00:00+00:00:2311.2|m15-m5-delivery:ETHUSDT:15m:break_retest:short:ETHUSDT:1h:pivot:low:2026-02-02T20:00:00+00:00:2311.2:2026-02-03T09:00:00+00:00:2026-02-03T13:30:00+00:00|ETHUSDT:5m:pivot:low:2026-02-03T13:50:00+00:00:2301.86|ETHUSDT:5m:ob:double_3c:short:2026-02-03T14:05:00+00:00:2026-02-03T14:10:00+00:00:2026-02-03T14:15:00+00:00,limit_first_revisit,event_created,short,2026-02-03T14:20:00+00:00,2026-02-03T14:30:00+00:00,2026-02-03T14:35:00+00:00,2309.2,2313.8100000000004,2294.44,3.201735357917115,initial_stop,99.6729045476284,0.09950387870077,9.917840603860643,9967.29045476284,9977.208295366701
event_created_first_revisit,global,btc_up,BTCUSDT,confluence:BTCUSDT:1h:pivot:high:2026-04-09T17:00:00+00:00:72541.1|m15-m5-delivery:BTCUSDT:15m:sweep_reclaim:short:BTCUSDT:1h:pivot:high:2026-04-09T17:00:00+00:00:72541.1:2026-04-09T21:00:00+00:00|BTCUSDT:5m:pivot:low:2026-04-09T20:50:00+00:00:72266.3|BTCUSDT:5m:ob:simple_2c:short:2026-04-09T21:20:00+00:00:2026-04-09T21:25:00+00:00,limit_first_revisit,event_created,short,2026-04-09T21:30:00+00:00,2026-04-09T21:40:00+00:00,2026-04-09T22:20:00+00:00,72253.0,72698.1,72075.1,0.3996854639406692,initial_stop,99.77208295366701,-0.9962888954657324,-99.40181832422434,9977.208295366701,9877.806477042477
event_created_first_revisit,global,btc_range,BTCUSDT,confluence:BTCUSDT:1h:pivot:high:2026-06-10T15:00:00+00:00:62846.8|m15-m5-delivery:BTCUSDT:15m:sweep_reclaim:short:BTCUSDT:1h:pivot:high:2026-06-10T15:00:00+00:00:62846.8:2026-06-11T03:45:00+00:00|BTCUSDT:5m:pivot:low:2026-06-11T04:10:00+00:00:62553.2|BTCUSDT:5m:ob:simple_2c:short:2026-06-11T04:25:00+00:00:2026-06-11T04:30:00+00:00,limit_first_revisit,event_created,short,2026-06-11T04:35:00+00:00,2026-06-11T04:40:00+00:00,2026-06-11T06:05:00+00:00,62599.9,63023.299999999996,62350.5,0.5890410958904225,volume_spike,98.77806477042478,0.039371751670663,3.8890654366498296,9877.806477042477,9881.695542479127
